DROP DATABASE IF EXISTS DW4_PROXIMAFECHA;
CREATE DATABASE  DW4_PROXIMAFECHA;
USE DW4_PROXIMAFECHA;


CREATE TABLE DEPORTES (
  DEPORTE_ID INT NOT NULL AUTO_INCREMENT,
  DESCRIPCION VARCHAR(45) NULL,
  MAX_JUGADORES INT(2) NULL,
  PRIMARY KEY (DEPORTE_ID));

CREATE TABLE TIPOS_TORNEO (
  TIPO_TORNEO_ID VARCHAR(1) NOT NULL,
  DESCRIPCION VARCHAR(45) NOT NULL,
  PRIMARY KEY (TIPO_TORNEO_ID));

CREATE TABLE PAISES (
  PAIS_ID VARCHAR(3) NOT NULL,
  PAIS VARCHAR(45) NOT NULL,
  ISO VARCHAR(2) NOT NULL,
  PRIMARY KEY (PAIS_ID));

CREATE TABLE PROVINCIAS (
  PAIS_ID VARCHAR(3) NOT NULL,
  PROVINCIA_ID VARCHAR(3) NOT NULL,
  PROVINCIA VARCHAR(45) NOT NULL,
  PRIMARY KEY (PAIS_ID, PROVINCIA_ID),
  CONSTRAINT fk_PROVINCIAS_PAISES1
    FOREIGN KEY (PAIS_ID)
    REFERENCES PAISES (PAIS_ID)
    ON DELETE RESTRICT ON UPDATE CASCADE);

CREATE TABLE SEDES (
  SEDE_ID INT NOT NULL AUTO_INCREMENT,
  NOMBRE VARCHAR(45) NOT NULL,
  PAIS_ID VARCHAR(3) NOT NULL,
  PROVINCIA_ID VARCHAR(3) NOT NULL,
  CODIGO_POSTAL VARCHAR(10) NOT NULL,
  CALLE VARCHAR(45) NOT NULL,
  ALTURA INT(5) NOT NULL,
  TELEFONO VARCHAR(20) NOT NULL,
  DETALLES VARCHAR(200) NULL,
  PRIMARY KEY (SEDE_ID),
  CONSTRAINT fk_SEDES_PROVINCIAS1
    FOREIGN KEY (PAIS_ID , PROVINCIA_ID)
    REFERENCES PROVINCIAS (PAIS_ID , PROVINCIA_ID)
    ON DELETE RESTRICT ON UPDATE CASCADE);

CREATE TABLE TORNEOS (
  TORNEO_ID INT NOT NULL AUTO_INCREMENT,
  NOMBRE VARCHAR(60) NOT NULL,
  DEPORTE_ID INT NOT NULL,
  TIPO_TORNEO_ID VARCHAR(1) NOT NULL,
  CANTIDAD_EQUIPOS INT(2) NOT NULL,
  FECHA_INICIO DATE NULL,
  SEDE_ID INT NULL,
  PRIMARY KEY (TORNEO_ID),
  CONSTRAINT fk_TORNEOS_TIPOS_TORNEO1
    FOREIGN KEY (DEPORTE_ID)
    REFERENCES DEPORTES (DEPORTE_ID)
    ON DELETE RESTRICT ON UPDATE CASCADE,
  CONSTRAINT fk_TORNEOS_TIPOS_TORNEO2
    FOREIGN KEY (TIPO_TORNEO_ID)
    REFERENCES TIPOS_TORNEO (TIPO_TORNEO_ID)
    ON DELETE RESTRICT ON UPDATE CASCADE,
  CONSTRAINT fk_TORNEOS_SEDES1
    FOREIGN KEY (SEDE_ID)
    REFERENCES SEDES (SEDE_ID)
	ON DELETE RESTRICT ON UPDATE CASCADE);

CREATE TABLE USUARIOS (
  USUARIO_ID VARCHAR(45) NOT NULL,
  PASSWORD VARCHAR(256) NOT NULL,
  NOMBRE VARCHAR(45) NOT NULL,
  APELLIDO VARCHAR(45) NOT NULL,
  EMAIL VARCHAR(45) NOT NULL,
  ACTIVO VARCHAR(1) NOT NULL DEFAULT 'Y',
  TELEFONO VARCHAR(20) NULL,
  ULTIMA_VEZ_ONLINE DATE NULL,
  PRIMARY KEY (USUARIO_ID));

CREATE TABLE EQUIPOS (
  EQUIPO_ID INT NOT NULL AUTO_INCREMENT,
  NOMBRE VARCHAR(60) NOT NULL,
  CAPITAN_ID VARCHAR(45) NOT NULL,
  ACTIVO VARCHAR(1) NOT NULL DEFAULT 'Y',
  PRIMARY KEY (EQUIPO_ID),
  CONSTRAINT fk_EQUIPOS_USUARIOS
    FOREIGN KEY (CAPITAN_ID)
    REFERENCES USUARIOS (USUARIO_ID)
    ON DELETE RESTRICT ON UPDATE CASCADE);

CREATE TABLE FASES (
  TORNEO_ID INT NOT NULL,
  FASE_ID INT NOT NULL,
  DESCRIPCION VARCHAR(45) NOT NULL,
  PRIMARY KEY (TORNEO_ID, FASE_ID),
  CONSTRAINT fk_FECHAS_TORNEOS1
    FOREIGN KEY (TORNEO_ID)
    REFERENCES TORNEOS (TORNEO_ID)
	ON DELETE CASCADE ON UPDATE CASCADE);


CREATE TABLE CANCHAS (
  SEDE_ID INT NOT NULL,
  CANCHA_ID INT NOT NULL,
  DESCRIPCION VARCHAR(45) NOT NULL,
  DEPORTE_ID INT NOT NULL,
  PRECIO INT NOT NULL,
  PRIMARY KEY (SEDE_ID, CANCHA_ID),
  CONSTRAINT fk_CANCHAS_SEDES1
    FOREIGN KEY (SEDE_ID)
    REFERENCES SEDES (SEDE_ID)
    ON DELETE CASCADE ON UPDATE CASCADE,
  CONSTRAINT fk_CANCHAS_DEPORTES1
    FOREIGN KEY (DEPORTE_ID)
    REFERENCES DEPORTES (DEPORTE_ID)
    ON DELETE RESTRICT ON UPDATE CASCADE);

CREATE TABLE PARTIDOS (
  TORNEO_ID INT NOT NULL,
  FASE_ID INT NOT NULL,
  PARTIDO_ID INT NOT NULL,
  LOCAL_ID INT NOT NULL,
  VISITA_ID INT NOT NULL,
  FECHA DATE NULL,
  HORA TIME(5) NULL,
  ARBITRO_ID VARCHAR(45) NULL,
  PUNTOS_LOCAL INT(3) NULL,
  PUNTOS_VISITA INT(3) NULL,
  LOCAL_OK VARCHAR(1) NULL,
  VISITA_OK VARCHAR(1) NULL,
  SEDE_ID INT NOT NULL,
  CANCHA_ID INT NOT NULL,
  PRIMARY KEY (TORNEO_ID, FASE_ID, PARTIDO_ID),
  CONSTRAINT fk_PARTIDOS_FECHAS1
    FOREIGN KEY (TORNEO_ID , FASE_ID)
    REFERENCES FASES (TORNEO_ID , FASE_ID)
    ON DELETE CASCADE ON UPDATE CASCADE,
  CONSTRAINT fk_PARTIDOS_EQUIPOS1
    FOREIGN KEY (LOCAL_ID)
    REFERENCES EQUIPOS (EQUIPO_ID)
    ON DELETE RESTRICT ON UPDATE CASCADE,
  CONSTRAINT fk_PARTIDOS_EQUIPOS2
    FOREIGN KEY (VISITA_ID)
    REFERENCES EQUIPOS (EQUIPO_ID)
    ON DELETE RESTRICT ON UPDATE CASCADE,
  CONSTRAINT fk_PARTIDOS_USUARIOS1
    FOREIGN KEY (ARBITRO_ID)
    REFERENCES USUARIOS (USUARIO_ID)
    ON DELETE RESTRICT ON UPDATE CASCADE,
  CONSTRAINT fk_PARTIDOS_CANCHAS1
    FOREIGN KEY (SEDE_ID , CANCHA_ID)
    REFERENCES CANCHAS (SEDE_ID , CANCHA_ID)
    ON DELETE RESTRICT ON UPDATE CASCADE);

CREATE TABLE MENSAJES (
  MENSAJE_ID INT NOT NULL AUTO_INCREMENT,
  MENSAJE LONGBLOB NOT NULL,
  EMISOR_ID VARCHAR(45) NOT NULL,
  RECEPTOR_ID VARCHAR(45) NULL,
  TORNEO_ID INT NULL,
  FECHA_ID INT NULL,
  PARTIDO_ID INT NULL,
  MENSAJE_ORIGINAL_ID INT NULL,
  FECHA DATE NULL,
  HORA TIME(5) NULL,
  PRIMARY KEY (MENSAJE_ID),
  CONSTRAINT fk_MENSAJES_USUARIOS1
    FOREIGN KEY (EMISOR_ID)
    REFERENCES USUARIOS (USUARIO_ID)
    ON DELETE RESTRICT ON UPDATE CASCADE,
  CONSTRAINT fk_MENSAJES_USUARIOS2
    FOREIGN KEY (RECEPTOR_ID)
    REFERENCES USUARIOS (USUARIO_ID)
    ON DELETE RESTRICT ON UPDATE CASCADE,
  CONSTRAINT fk_MENSAJES_PARTIDOS1
    FOREIGN KEY (TORNEO_ID , FECHA_ID , PARTIDO_ID)
    REFERENCES PARTIDOS (TORNEO_ID , FASE_ID , PARTIDO_ID)
    ON DELETE CASCADE ON UPDATE CASCADE,
  CONSTRAINT fk_MENSAJES_MENSAJES1
    FOREIGN KEY (MENSAJE_ORIGINAL_ID)
    REFERENCES MENSAJES (MENSAJE_ID)
    ON DELETE CASCADE ON UPDATE CASCADE);

CREATE TABLE JUGADORES (
  EQUIPO_ID INT NOT NULL,
  JUGADOR_ID VARCHAR(45) NOT NULL,
  PRIMARY KEY (EQUIPO_ID, JUGADOR_ID),
  CONSTRAINT fk_EQUIPOS_has_USUARIOS_EQUIPOS1
    FOREIGN KEY (EQUIPO_ID)
    REFERENCES EQUIPOS (EQUIPO_ID)
    ON DELETE CASCADE ON UPDATE CASCADE,
  CONSTRAINT fk_EQUIPOS_has_USUARIOS_USUARIOS1
    FOREIGN KEY (JUGADOR_ID)
    REFERENCES USUARIOS (USUARIO_ID)
    ON DELETE RESTRICT ON UPDATE CASCADE);

CREATE TABLE ORGANIZADORES (
  TORNEO_ID INT NOT NULL,
  ORGANIZADOR_ID VARCHAR(45) NOT NULL,
  ACTIVO VARCHAR(1) NOT NULL DEFAULT 'Y',
  PRIMARY KEY (TORNEO_ID, ORGANIZADOR_ID),
  CONSTRAINT fk_TORNEOS_has_USUARIOS_TORNEOS1
    FOREIGN KEY (TORNEO_ID)
    REFERENCES TORNEOS (TORNEO_ID)
    ON DELETE CASCADE ON UPDATE CASCADE,
  CONSTRAINT fk_TORNEOS_has_USUARIOS_USUARIOS1
    FOREIGN KEY (ORGANIZADOR_ID)
    REFERENCES USUARIOS (USUARIO_ID)
    ON DELETE RESTRICT ON UPDATE CASCADE);

CREATE TABLE EQUIPOS_TORNEO (
  TORNEO_ID INT NOT NULL,
  EQUIPO_ID INT NOT NULL,
  PRIMARY KEY (TORNEO_ID, EQUIPO_ID),
  CONSTRAINT fk_TORNEOS_has_EQUIPOS_TORNEOS1
    FOREIGN KEY (TORNEO_ID)
    REFERENCES TORNEOS (TORNEO_ID)
    ON DELETE CASCADE ON UPDATE CASCADE,
  CONSTRAINT fk_TORNEOS_has_EQUIPOS_EQUIPOS1
    FOREIGN KEY (EQUIPO_ID)
    REFERENCES EQUIPOS (EQUIPO_ID)
    ON DELETE RESTRICT ON UPDATE CASCADE);

CREATE TABLE DUENOS (
  SEDE_ID INT NOT NULL,
  USUARIO_ID VARCHAR(45) NOT NULL,
  ACTIVO VARCHAR(1) NOT NULL DEFAULT 'Y',
  PRIMARY KEY (SEDE_ID, USUARIO_ID),
  CONSTRAINT fk_SEDES_has_USUARIOS_SEDES1
    FOREIGN KEY (SEDE_ID)
    REFERENCES SEDES (SEDE_ID)
    ON DELETE CASCADE ON UPDATE CASCADE,
  CONSTRAINT fk_SEDES_has_USUARIOS_USUARIOS1
    FOREIGN KEY (USUARIO_ID)
    REFERENCES USUARIOS (USUARIO_ID)
    ON DELETE RESTRICT ON UPDATE CASCADE);

CREATE TABLE TIPOS_ESTADISTICA (
  TIPO_ESTADISTICA_ID CHAR(1) NOT NULL,
  DESCRIPCION VARCHAR(45) NOT NULL,
  PRIMARY KEY (TIPO_ESTADISTICA_ID));

CREATE TABLE FICHA_PARTIDO (
  TORNEO_ID INT NOT NULL,
  FASE_ID INT NOT NULL,
  PARTIDO_ID INT NOT NULL,
  FICHA_ID INT NOT NULL,
  TIPO_ESTADISTICA_ID CHAR(1) NOT NULL,
  EQUIPO_ID INT NOT NULL,
  JUGADOR_ID VARCHAR(45) NOT NULL,
  PRIMARY KEY (TORNEO_ID, FASE_ID, PARTIDO_ID, FICHA_ID),
  CONSTRAINT fk_FICHA_PARTIDO_PARTIDOS1
    FOREIGN KEY (TORNEO_ID , FASE_ID , PARTIDO_ID)
    REFERENCES PARTIDOS (TORNEO_ID , FASE_ID , PARTIDO_ID)
    ON DELETE CASCADE ON UPDATE CASCADE,
  CONSTRAINT fk_FICHA_PARTIDO_TIPOS_ESTADISTICA1
    FOREIGN KEY (TIPO_ESTADISTICA_ID)
    REFERENCES TIPOS_ESTADISTICA (TIPO_ESTADISTICA_ID)
    ON DELETE RESTRICT ON UPDATE CASCADE,
  CONSTRAINT fk_FICHA_PARTIDO_JUGADORES1
    FOREIGN KEY (EQUIPO_ID , JUGADOR_ID)
    REFERENCES JUGADORES (EQUIPO_ID , JUGADOR_ID)
    ON DELETE RESTRICT ON UPDATE CASCADE)
;

INSERT INTO PAISES (PAIS_ID, PAIS, ISO) VALUES('MAC','Macau','MO');
INSERT INTO PAISES (PAIS_ID, PAIS, ISO) VALUES('MAR','Morocco','MA');
INSERT INTO PAISES (PAIS_ID, PAIS, ISO) VALUES('MCO','Monaco','MC');
INSERT INTO PAISES (PAIS_ID, PAIS, ISO) VALUES('MDA','Moldova, Republic of','MD');
INSERT INTO PAISES (PAIS_ID, PAIS, ISO) VALUES('MDG','Madagascar','MG');
INSERT INTO PAISES (PAIS_ID, PAIS, ISO) VALUES('MDV','Maldives','MV');
INSERT INTO PAISES (PAIS_ID, PAIS, ISO) VALUES('MEX','Mexico','MX');
INSERT INTO PAISES (PAIS_ID, PAIS, ISO) VALUES('MHL','Marshall Islands','MH');
INSERT INTO PAISES (PAIS_ID, PAIS, ISO) VALUES('MKD','Fmr Yugoslav Rep of Macedonia','MK');
INSERT INTO PAISES (PAIS_ID, PAIS, ISO) VALUES('MLI','Mali','ML');
INSERT INTO PAISES (PAIS_ID, PAIS, ISO) VALUES('MLT','Malta','MT');
INSERT INTO PAISES (PAIS_ID, PAIS, ISO) VALUES('MMR','Myanmar','MM');
INSERT INTO PAISES (PAIS_ID, PAIS, ISO) VALUES('MNG','Mongolia','MN');
INSERT INTO PAISES (PAIS_ID, PAIS, ISO) VALUES('MNP','Northern Mariana Islands','MP');
INSERT INTO PAISES (PAIS_ID, PAIS, ISO) VALUES('MOZ','Mozambique','MZ');
INSERT INTO PAISES (PAIS_ID, PAIS, ISO) VALUES('MRT','Mauritania','MR');
INSERT INTO PAISES (PAIS_ID, PAIS, ISO) VALUES('MSR','Montserrat','MS');
INSERT INTO PAISES (PAIS_ID, PAIS, ISO) VALUES('MTQ','Martinique','MQ');
INSERT INTO PAISES (PAIS_ID, PAIS, ISO) VALUES('MUS','Mauritius','MU');
INSERT INTO PAISES (PAIS_ID, PAIS, ISO) VALUES('MWI','Malawi','MW');
INSERT INTO PAISES (PAIS_ID, PAIS, ISO) VALUES('MYS','Malaysia','MY');
INSERT INTO PAISES (PAIS_ID, PAIS, ISO) VALUES('MYT','Mayotte','YT');
INSERT INTO PAISES (PAIS_ID, PAIS, ISO) VALUES('NAM','Namibia','NA');
INSERT INTO PAISES (PAIS_ID, PAIS, ISO) VALUES('NCL','New Caledonia','NC');
INSERT INTO PAISES (PAIS_ID, PAIS, ISO) VALUES('NER','Niger','NE');
INSERT INTO PAISES (PAIS_ID, PAIS, ISO) VALUES('NFK','Norfolk Island','NF');
INSERT INTO PAISES (PAIS_ID, PAIS, ISO) VALUES('NGA','Nigeria','NG');
INSERT INTO PAISES (PAIS_ID, PAIS, ISO) VALUES('NIC','Nicaragua','NI');
INSERT INTO PAISES (PAIS_ID, PAIS, ISO) VALUES('NIU','Niue','NU');
INSERT INTO PAISES (PAIS_ID, PAIS, ISO) VALUES('NLD','Netherlands','NL');
INSERT INTO PAISES (PAIS_ID, PAIS, ISO) VALUES('NOR','Norway','NO');
INSERT INTO PAISES (PAIS_ID, PAIS, ISO) VALUES('NPL','Nepal','NP');
INSERT INTO PAISES (PAIS_ID, PAIS, ISO) VALUES('NRU','Nauru','NR');
INSERT INTO PAISES (PAIS_ID, PAIS, ISO) VALUES('NZL','New Zealand','NZ');
INSERT INTO PAISES (PAIS_ID, PAIS, ISO) VALUES('OMN','Oman','OM');
INSERT INTO PAISES (PAIS_ID, PAIS, ISO) VALUES('PAK','Pakistan','PK');
INSERT INTO PAISES (PAIS_ID, PAIS, ISO) VALUES('PAN','Panama','PA');
INSERT INTO PAISES (PAIS_ID, PAIS, ISO) VALUES('PCN','Pitcairn','PN');
INSERT INTO PAISES (PAIS_ID, PAIS, ISO) VALUES('PER','Peru','PE');
INSERT INTO PAISES (PAIS_ID, PAIS, ISO) VALUES('PHL','Philippines','PH');
INSERT INTO PAISES (PAIS_ID, PAIS, ISO) VALUES('PLW','Palau','PW');
INSERT INTO PAISES (PAIS_ID, PAIS, ISO) VALUES('PNG','Papua New Guinea','PG');
INSERT INTO PAISES (PAIS_ID, PAIS, ISO) VALUES('POL','Poland','PL');
INSERT INTO PAISES (PAIS_ID, PAIS, ISO) VALUES('PRI','Puerto Rico','PR');
INSERT INTO PAISES (PAIS_ID, PAIS, ISO) VALUES('ABW','Aruba','AW');
INSERT INTO PAISES (PAIS_ID, PAIS, ISO) VALUES('AFG','Afghanistan','AF');
INSERT INTO PAISES (PAIS_ID, PAIS, ISO) VALUES('AGO','Angola','AO');
INSERT INTO PAISES (PAIS_ID, PAIS, ISO) VALUES('AIA','Anguilla','AI');
INSERT INTO PAISES (PAIS_ID, PAIS, ISO) VALUES('ALB','Albania','AL');
INSERT INTO PAISES (PAIS_ID, PAIS, ISO) VALUES('AND','Andorra','AD');
INSERT INTO PAISES (PAIS_ID, PAIS, ISO) VALUES('ANT','Netherlands Antilles','AN');
INSERT INTO PAISES (PAIS_ID, PAIS, ISO) VALUES('ARE','United Arab Emirates','AE');
INSERT INTO PAISES (PAIS_ID, PAIS, ISO) VALUES('ARG','Argentina','AR');
INSERT INTO PAISES (PAIS_ID, PAIS, ISO) VALUES('ARM','Armenia','AM');
INSERT INTO PAISES (PAIS_ID, PAIS, ISO) VALUES('ASM','American Samoa','AS');
INSERT INTO PAISES (PAIS_ID, PAIS, ISO) VALUES('ATA','Antarctica','AQ');
INSERT INTO PAISES (PAIS_ID, PAIS, ISO) VALUES('ATF','French Southern Territories','TF');
INSERT INTO PAISES (PAIS_ID, PAIS, ISO) VALUES('ATG','Antigua and Barbuda','AG');
INSERT INTO PAISES (PAIS_ID, PAIS, ISO) VALUES('AUS','Australia','AU');
INSERT INTO PAISES (PAIS_ID, PAIS, ISO) VALUES('AUT','Austria','AT');
INSERT INTO PAISES (PAIS_ID, PAIS, ISO) VALUES('AZE','Azerbaijan','AZ');
INSERT INTO PAISES (PAIS_ID, PAIS, ISO) VALUES('BDI','Burundi','BI');
INSERT INTO PAISES (PAIS_ID, PAIS, ISO) VALUES('BEL','Belgium','BE');
INSERT INTO PAISES (PAIS_ID, PAIS, ISO) VALUES('BEN','Benin','BJ');
INSERT INTO PAISES (PAIS_ID, PAIS, ISO) VALUES('BFA','Burkina Faso','BF');
INSERT INTO PAISES (PAIS_ID, PAIS, ISO) VALUES('BGD','Bangladesh','BD');
INSERT INTO PAISES (PAIS_ID, PAIS, ISO) VALUES('BGR','Bulgaria','BG');
INSERT INTO PAISES (PAIS_ID, PAIS, ISO) VALUES('BHR','Bahrain','BH');
INSERT INTO PAISES (PAIS_ID, PAIS, ISO) VALUES('BHS','Bahamas','BS');
INSERT INTO PAISES (PAIS_ID, PAIS, ISO) VALUES('BIH','Bosnia and Herzegovina','BA');
INSERT INTO PAISES (PAIS_ID, PAIS, ISO) VALUES('BLR','Belarus','BY');
INSERT INTO PAISES (PAIS_ID, PAIS, ISO) VALUES('BLZ','Belize','BZ');
INSERT INTO PAISES (PAIS_ID, PAIS, ISO) VALUES('BMU','Bermuda','BM');
INSERT INTO PAISES (PAIS_ID, PAIS, ISO) VALUES('BOL','Bolivia','BO');
INSERT INTO PAISES (PAIS_ID, PAIS, ISO) VALUES('BRA','Brazil','BR');
INSERT INTO PAISES (PAIS_ID, PAIS, ISO) VALUES('BRB','Barbados','BB');
INSERT INTO PAISES (PAIS_ID, PAIS, ISO) VALUES('BRN','Brunei Darussalam','BN');
INSERT INTO PAISES (PAIS_ID, PAIS, ISO) VALUES('BTN','Bhutan','BT');
INSERT INTO PAISES (PAIS_ID, PAIS, ISO) VALUES('BVT','Bouvet Island','BV');
INSERT INTO PAISES (PAIS_ID, PAIS, ISO) VALUES('BWA','Botswana','BW');
INSERT INTO PAISES (PAIS_ID, PAIS, ISO) VALUES('CAF','Central African Republic','CF');
INSERT INTO PAISES (PAIS_ID, PAIS, ISO) VALUES('CAN','Canada','CA');
INSERT INTO PAISES (PAIS_ID, PAIS, ISO) VALUES('CCK','Cocos (Keeling) Islands','CC');
INSERT INTO PAISES (PAIS_ID, PAIS, ISO) VALUES('CHE','Switzerland','CH');
INSERT INTO PAISES (PAIS_ID, PAIS, ISO) VALUES('CHL','Chile','CL');
INSERT INTO PAISES (PAIS_ID, PAIS, ISO) VALUES('CHN','China','CN');
INSERT INTO PAISES (PAIS_ID, PAIS, ISO) VALUES('GNB','Guinea-Bissau','GW');
INSERT INTO PAISES (PAIS_ID, PAIS, ISO) VALUES('PRK','Korea, Democratic Peoples Rep','KP');
INSERT INTO PAISES (PAIS_ID, PAIS, ISO) VALUES('PRT','Portugal','PT');
INSERT INTO PAISES (PAIS_ID, PAIS, ISO) VALUES('PRY','Paraguay','PY');
INSERT INTO PAISES (PAIS_ID, PAIS, ISO) VALUES('PYF','French Polynesia','PF');
INSERT INTO PAISES (PAIS_ID, PAIS, ISO) VALUES('QAT','Qatar','QA');
INSERT INTO PAISES (PAIS_ID, PAIS, ISO) VALUES('REU','Reunion','RE');
INSERT INTO PAISES (PAIS_ID, PAIS, ISO) VALUES('ROU','Romania','RO');
INSERT INTO PAISES (PAIS_ID, PAIS, ISO) VALUES('RUS','Russian Federation','RU');
INSERT INTO PAISES (PAIS_ID, PAIS, ISO) VALUES('RWA','Rwanda','RW');
INSERT INTO PAISES (PAIS_ID, PAIS, ISO) VALUES('SAU','Saudi Arabia','SA');
INSERT INTO PAISES (PAIS_ID, PAIS, ISO) VALUES('SDN','Sudan','SD');
INSERT INTO PAISES (PAIS_ID, PAIS, ISO) VALUES('SEN','Senegal','SN');
INSERT INTO PAISES (PAIS_ID, PAIS, ISO) VALUES('SGP','Singapore','SG');
INSERT INTO PAISES (PAIS_ID, PAIS, ISO) VALUES('SGS','Sth Georgia & Sth Sandwich Is','GS');
INSERT INTO PAISES (PAIS_ID, PAIS, ISO) VALUES('SHN','Saint Helena','SH');
INSERT INTO PAISES (PAIS_ID, PAIS, ISO) VALUES('SJM','Svalbard and Jan Mayen','SJ');
INSERT INTO PAISES (PAIS_ID, PAIS, ISO) VALUES('SLB','Solomon Islands','SB');
INSERT INTO PAISES (PAIS_ID, PAIS, ISO) VALUES('SLE','Sierra Leone','SL');
INSERT INTO PAISES (PAIS_ID, PAIS, ISO) VALUES('SLV','El Salvador','SV');
INSERT INTO PAISES (PAIS_ID, PAIS, ISO) VALUES('SMR','San Marino','SM');
INSERT INTO PAISES (PAIS_ID, PAIS, ISO) VALUES('SOM','Somalia','SO');
INSERT INTO PAISES (PAIS_ID, PAIS, ISO) VALUES('SPM','Saint Pierre and Miquelon','PM');
INSERT INTO PAISES (PAIS_ID, PAIS, ISO) VALUES('STP','Sao Tome and Principe','ST');
INSERT INTO PAISES (PAIS_ID, PAIS, ISO) VALUES('SUR','Suriname','SR');
INSERT INTO PAISES (PAIS_ID, PAIS, ISO) VALUES('SVK','Slovakia','SK');
INSERT INTO PAISES (PAIS_ID, PAIS, ISO) VALUES('SVN','Slovenia','SI');
INSERT INTO PAISES (PAIS_ID, PAIS, ISO) VALUES('SWE','Sweden','SE');
INSERT INTO PAISES (PAIS_ID, PAIS, ISO) VALUES('SWZ','Swaziland','SZ');
INSERT INTO PAISES (PAIS_ID, PAIS, ISO) VALUES('SYC','Seychelles','SC');
INSERT INTO PAISES (PAIS_ID, PAIS, ISO) VALUES('SYR','Syrian Arab Republic','SY');
INSERT INTO PAISES (PAIS_ID, PAIS, ISO) VALUES('TCA','Turks and Caicos Islands','TC');
INSERT INTO PAISES (PAIS_ID, PAIS, ISO) VALUES('TCD','Chad','TD');
INSERT INTO PAISES (PAIS_ID, PAIS, ISO) VALUES('TGO','Togo','TG');
INSERT INTO PAISES (PAIS_ID, PAIS, ISO) VALUES('THA','Thailand','TH');
INSERT INTO PAISES (PAIS_ID, PAIS, ISO) VALUES('TJK','Tajikistan','TJ');
INSERT INTO PAISES (PAIS_ID, PAIS, ISO) VALUES('TKL','Tokelau','TK');
INSERT INTO PAISES (PAIS_ID, PAIS, ISO) VALUES('TKM','Turkmenistan','TM');
INSERT INTO PAISES (PAIS_ID, PAIS, ISO) VALUES('TMP','East Timor','TP');
INSERT INTO PAISES (PAIS_ID, PAIS, ISO) VALUES('TON','Tonga','TO');
INSERT INTO PAISES (PAIS_ID, PAIS, ISO) VALUES('TTO','Trinidad and Tobago','TT');
INSERT INTO PAISES (PAIS_ID, PAIS, ISO) VALUES('TUN','Tunisia','TN');
INSERT INTO PAISES (PAIS_ID, PAIS, ISO) VALUES('TUR','Turkey','TR');
INSERT INTO PAISES (PAIS_ID, PAIS, ISO) VALUES('TUV','Tuvalu','TV');
INSERT INTO PAISES (PAIS_ID, PAIS, ISO) VALUES('GNQ','Equatorial Guinea','GQ');
INSERT INTO PAISES (PAIS_ID, PAIS, ISO) VALUES('GRC','Greece','GR');
INSERT INTO PAISES (PAIS_ID, PAIS, ISO) VALUES('GRD','Grenada','GD');
INSERT INTO PAISES (PAIS_ID, PAIS, ISO) VALUES('GRL','Greenland','GL');
INSERT INTO PAISES (PAIS_ID, PAIS, ISO) VALUES('GTM','Guatemala','GT');
INSERT INTO PAISES (PAIS_ID, PAIS, ISO) VALUES('GUF','French Guiana','GF');
INSERT INTO PAISES (PAIS_ID, PAIS, ISO) VALUES('GUM','Guam','GU');
INSERT INTO PAISES (PAIS_ID, PAIS, ISO) VALUES('GUY','Guyana','GY');
INSERT INTO PAISES (PAIS_ID, PAIS, ISO) VALUES('HKG','Hong Kong','HK');
INSERT INTO PAISES (PAIS_ID, PAIS, ISO) VALUES('HMD','Heard and McDonald Islands','HM');
INSERT INTO PAISES (PAIS_ID, PAIS, ISO) VALUES('HND','Honduras','HN');
INSERT INTO PAISES (PAIS_ID, PAIS, ISO) VALUES('HRV','Croatia','HR');
INSERT INTO PAISES (PAIS_ID, PAIS, ISO) VALUES('HTI','Haiti','HT');
INSERT INTO PAISES (PAIS_ID, PAIS, ISO) VALUES('HUN','Hungary','HU');
INSERT INTO PAISES (PAIS_ID, PAIS, ISO) VALUES('IDN','Indonesia','ID');
INSERT INTO PAISES (PAIS_ID, PAIS, ISO) VALUES('IND','India','IN');
INSERT INTO PAISES (PAIS_ID, PAIS, ISO) VALUES('IOT','British Indian Ocean Territory','IO');
INSERT INTO PAISES (PAIS_ID, PAIS, ISO) VALUES('IRL','Ireland','IE');
INSERT INTO PAISES (PAIS_ID, PAIS, ISO) VALUES('IRN','Iran (Islamic Republic Of)','IR');
INSERT INTO PAISES (PAIS_ID, PAIS, ISO) VALUES('IRQ','Iraq','IQ');
INSERT INTO PAISES (PAIS_ID, PAIS, ISO) VALUES('ISL','Iceland','IS');
INSERT INTO PAISES (PAIS_ID, PAIS, ISO) VALUES('ISR','Israel','IL');
INSERT INTO PAISES (PAIS_ID, PAIS, ISO) VALUES('ITA','Italy','IT');
INSERT INTO PAISES (PAIS_ID, PAIS, ISO) VALUES('JAM','Jamaica','JM');
INSERT INTO PAISES (PAIS_ID, PAIS, ISO) VALUES('JOR','Jordan','JO');
INSERT INTO PAISES (PAIS_ID, PAIS, ISO) VALUES('JPN','Japan','JP');
INSERT INTO PAISES (PAIS_ID, PAIS, ISO) VALUES('KAZ','Kazakhstan','KZ');
INSERT INTO PAISES (PAIS_ID, PAIS, ISO) VALUES('KEN','Kenya','KE');
INSERT INTO PAISES (PAIS_ID, PAIS, ISO) VALUES('KGZ','Kyrgyzstan','KG');
INSERT INTO PAISES (PAIS_ID, PAIS, ISO) VALUES('KHM','Cambodia','KH');
INSERT INTO PAISES (PAIS_ID, PAIS, ISO) VALUES('KIR','Kiribati','KI');
INSERT INTO PAISES (PAIS_ID, PAIS, ISO) VALUES('KNA','Saint Kitts and Nevis','KN');
INSERT INTO PAISES (PAIS_ID, PAIS, ISO) VALUES('KOR','Korea, Republic of','KR');
INSERT INTO PAISES (PAIS_ID, PAIS, ISO) VALUES('KWT','Kuwait','KW');
INSERT INTO PAISES (PAIS_ID, PAIS, ISO) VALUES('LAO','Lao Peoples Democratic Rep','LA');
INSERT INTO PAISES (PAIS_ID, PAIS, ISO) VALUES('LBN','Lebanon','LB');
INSERT INTO PAISES (PAIS_ID, PAIS, ISO) VALUES('LBR','Liberia','LR');
INSERT INTO PAISES (PAIS_ID, PAIS, ISO) VALUES('LBY','Libyan Arab Jamahiriya','LY');
INSERT INTO PAISES (PAIS_ID, PAIS, ISO) VALUES('LCA','Saint Lucia','LC');
INSERT INTO PAISES (PAIS_ID, PAIS, ISO) VALUES('LIE','Liechtenstein','LI');
INSERT INTO PAISES (PAIS_ID, PAIS, ISO) VALUES('CIV','Cote DIvoire','CI');
INSERT INTO PAISES (PAIS_ID, PAIS, ISO) VALUES('CMR','Cameroon','CM');
INSERT INTO PAISES (PAIS_ID, PAIS, ISO) VALUES('COD','Congo, The Democratic Republic','CD');
INSERT INTO PAISES (PAIS_ID, PAIS, ISO) VALUES('COG','Congo','CG');
INSERT INTO PAISES (PAIS_ID, PAIS, ISO) VALUES('COK','Cook Islands','CK');
INSERT INTO PAISES (PAIS_ID, PAIS, ISO) VALUES('COL','Colombia','CO');
INSERT INTO PAISES (PAIS_ID, PAIS, ISO) VALUES('COM','Comoros','KM');
INSERT INTO PAISES (PAIS_ID, PAIS, ISO) VALUES('CPV','Cape Verde','CV');
INSERT INTO PAISES (PAIS_ID, PAIS, ISO) VALUES('CRI','Costa Rica','CR');
INSERT INTO PAISES (PAIS_ID, PAIS, ISO) VALUES('CUB','Cuba','CU');
INSERT INTO PAISES (PAIS_ID, PAIS, ISO) VALUES('CXR','Christmas Island','CX');
INSERT INTO PAISES (PAIS_ID, PAIS, ISO) VALUES('CYM','Cayman Islands','KY');
INSERT INTO PAISES (PAIS_ID, PAIS, ISO) VALUES('CYP','Cyprus','CY');
INSERT INTO PAISES (PAIS_ID, PAIS, ISO) VALUES('CZE','Czech Republic','CZ');
INSERT INTO PAISES (PAIS_ID, PAIS, ISO) VALUES('DEU','Germany','DE');
INSERT INTO PAISES (PAIS_ID, PAIS, ISO) VALUES('DJI','Djibouti','DJ');
INSERT INTO PAISES (PAIS_ID, PAIS, ISO) VALUES('DMA','Dominica','DM');
INSERT INTO PAISES (PAIS_ID, PAIS, ISO) VALUES('DNK','Denmark','DK');
INSERT INTO PAISES (PAIS_ID, PAIS, ISO) VALUES('DOM','Dominican Republic','DO');
INSERT INTO PAISES (PAIS_ID, PAIS, ISO) VALUES('DZA','Algeria','DZ');
INSERT INTO PAISES (PAIS_ID, PAIS, ISO) VALUES('ECU','Ecuador','EC');
INSERT INTO PAISES (PAIS_ID, PAIS, ISO) VALUES('EGY','Egypt','EG');
INSERT INTO PAISES (PAIS_ID, PAIS, ISO) VALUES('ERI','Eritrea','ER');
INSERT INTO PAISES (PAIS_ID, PAIS, ISO) VALUES('ESH','Western Sahara','EH');
INSERT INTO PAISES (PAIS_ID, PAIS, ISO) VALUES('ESP','Spain','ES');
INSERT INTO PAISES (PAIS_ID, PAIS, ISO) VALUES('EST','Estonia','EE');
INSERT INTO PAISES (PAIS_ID, PAIS, ISO) VALUES('ETH','Ethiopia','ET');
INSERT INTO PAISES (PAIS_ID, PAIS, ISO) VALUES('FIN','Finland','FI');
INSERT INTO PAISES (PAIS_ID, PAIS, ISO) VALUES('FJI','Fiji','FJ');
INSERT INTO PAISES (PAIS_ID, PAIS, ISO) VALUES('FLK','Falkland Islands (Malvinas)','FK');
INSERT INTO PAISES (PAIS_ID, PAIS, ISO) VALUES('FRA','France','FR');
INSERT INTO PAISES (PAIS_ID, PAIS, ISO) VALUES('FRO','Faroe Islands','FO');
INSERT INTO PAISES (PAIS_ID, PAIS, ISO) VALUES('FSM','Micronesia, Federated States','FM');
INSERT INTO PAISES (PAIS_ID, PAIS, ISO) VALUES('GAB','Gabon','GA');
INSERT INTO PAISES (PAIS_ID, PAIS, ISO) VALUES('GBR','United Kingdom','GB');
INSERT INTO PAISES (PAIS_ID, PAIS, ISO) VALUES('GEO','Georgia','GE');
INSERT INTO PAISES (PAIS_ID, PAIS, ISO) VALUES('GHA','Ghana','GH');
INSERT INTO PAISES (PAIS_ID, PAIS, ISO) VALUES('GIB','Gibraltar','GI');
INSERT INTO PAISES (PAIS_ID, PAIS, ISO) VALUES('GIN','Guinea','GN');
INSERT INTO PAISES (PAIS_ID, PAIS, ISO) VALUES('GLP','Guadeloupe','GP');
INSERT INTO PAISES (PAIS_ID, PAIS, ISO) VALUES('GMB','Gambia','GM');
INSERT INTO PAISES (PAIS_ID, PAIS, ISO) VALUES('LKA','Sri Lanka','LK');
INSERT INTO PAISES (PAIS_ID, PAIS, ISO) VALUES('LSO','Lesotho','LS');
INSERT INTO PAISES (PAIS_ID, PAIS, ISO) VALUES('LTU','Lithuania','LT');
INSERT INTO PAISES (PAIS_ID, PAIS, ISO) VALUES('LUX','Luxembourg','LU');
INSERT INTO PAISES (PAIS_ID, PAIS, ISO) VALUES('LVA','Latvia','LV');
INSERT INTO PAISES (PAIS_ID, PAIS, ISO) VALUES('TWN','Taiwan, Province of China','TW');
INSERT INTO PAISES (PAIS_ID, PAIS, ISO) VALUES('TZA','Tanzania, United Republic of','TZ');
INSERT INTO PAISES (PAIS_ID, PAIS, ISO) VALUES('UGA','Uganda','UG');
INSERT INTO PAISES (PAIS_ID, PAIS, ISO) VALUES('UKR','Ukraine','UA');
INSERT INTO PAISES (PAIS_ID, PAIS, ISO) VALUES('UMI','US Minor Outlying Islands','UM');
INSERT INTO PAISES (PAIS_ID, PAIS, ISO) VALUES('URY','Uruguay','UY');
INSERT INTO PAISES (PAIS_ID, PAIS, ISO) VALUES('USA','United States','US');
INSERT INTO PAISES (PAIS_ID, PAIS, ISO) VALUES('UZB','Uzbekistan','UZ');
INSERT INTO PAISES (PAIS_ID, PAIS, ISO) VALUES('VAT','Holy See (Vatican City State)','VA');
INSERT INTO PAISES (PAIS_ID, PAIS, ISO) VALUES('VCT','St Vincent and the Grenadines','VC');
INSERT INTO PAISES (PAIS_ID, PAIS, ISO) VALUES('VEN','Venezuela','VE');
INSERT INTO PAISES (PAIS_ID, PAIS, ISO) VALUES('VGB','Virgin Islands (British)','VG');
INSERT INTO PAISES (PAIS_ID, PAIS, ISO) VALUES('VIR','Virgin Islands (U.S.)','VI');
INSERT INTO PAISES (PAIS_ID, PAIS, ISO) VALUES('VNM','Viet Nam','VN');
INSERT INTO PAISES (PAIS_ID, PAIS, ISO) VALUES('VUT','Vanuatu','VU');
INSERT INTO PAISES (PAIS_ID, PAIS, ISO) VALUES('WLF','Wallis and Futuna Islands','WF');
INSERT INTO PAISES (PAIS_ID, PAIS, ISO) VALUES('WSM','Samoa','WS');
INSERT INTO PAISES (PAIS_ID, PAIS, ISO) VALUES('YEM','Yemen','YE');
INSERT INTO PAISES (PAIS_ID, PAIS, ISO) VALUES('YUG','Yugoslavia','YU');
INSERT INTO PAISES (PAIS_ID, PAIS, ISO) VALUES('ZAF','South Africa','ZA');
INSERT INTO PAISES (PAIS_ID, PAIS, ISO) VALUES('ZMB','Zambia','ZM');
INSERT INTO PAISES (PAIS_ID, PAIS, ISO) VALUES('ZWE','Zimbabwe','ZW');
INSERT INTO PAISES (PAIS_ID, PAIS, ISO) VALUES('MNE','Montenegro','ME');
INSERT INTO PAISES (PAIS_ID, PAIS, ISO) VALUES('SRB','Republic of Serbia','RS');

INSERT INTO PROVINCIAS (PAIS_ID , PROVINCIA_ID ,PROVINCIA ) VALUES ('ARG', 'BUE', 'Buenos Aires');
INSERT INTO PROVINCIAS (PAIS_ID , PROVINCIA_ID ,PROVINCIA ) VALUES ('ARG', 'CAT', 'Catamarca');
INSERT INTO PROVINCIAS (PAIS_ID , PROVINCIA_ID ,PROVINCIA ) VALUES ('ARG', 'CHA', 'Chaco');
INSERT INTO PROVINCIAS (PAIS_ID , PROVINCIA_ID ,PROVINCIA ) VALUES ('ARG', 'CHU', 'Chubut');
INSERT INTO PROVINCIAS (PAIS_ID , PROVINCIA_ID ,PROVINCIA ) VALUES ('ARG', 'CBA', 'Córdoba');
INSERT INTO PROVINCIAS (PAIS_ID , PROVINCIA_ID ,PROVINCIA ) VALUES ('ARG', 'COR', 'Corrientes');
INSERT INTO PROVINCIAS (PAIS_ID , PROVINCIA_ID ,PROVINCIA ) VALUES ('ARG', 'CAP', 'Capital Federal');
INSERT INTO PROVINCIAS (PAIS_ID , PROVINCIA_ID ,PROVINCIA ) VALUES ('ARG', 'ENR', 'Entre Ríos');
INSERT INTO PROVINCIAS (PAIS_ID , PROVINCIA_ID ,PROVINCIA ) VALUES ('ARG', 'FOR', 'Formosa');
INSERT INTO PROVINCIAS (PAIS_ID , PROVINCIA_ID ,PROVINCIA ) VALUES ('ARG', 'JUJ', 'Jujuy');
INSERT INTO PROVINCIAS (PAIS_ID , PROVINCIA_ID ,PROVINCIA ) VALUES ('ARG', 'LPA', 'La Pampa');
INSERT INTO PROVINCIAS (PAIS_ID , PROVINCIA_ID ,PROVINCIA ) VALUES ('ARG', 'LRI', 'La Rioja');
INSERT INTO PROVINCIAS (PAIS_ID , PROVINCIA_ID ,PROVINCIA ) VALUES ('ARG', 'MEN', 'Mendoza');
INSERT INTO PROVINCIAS (PAIS_ID , PROVINCIA_ID ,PROVINCIA ) VALUES ('ARG', 'MIS', 'Misiones');
INSERT INTO PROVINCIAS (PAIS_ID , PROVINCIA_ID ,PROVINCIA ) VALUES ('ARG', 'NEU', 'Neuquén');
INSERT INTO PROVINCIAS (PAIS_ID , PROVINCIA_ID ,PROVINCIA ) VALUES ('ARG', 'RNE', 'Río Negro');
INSERT INTO PROVINCIAS (PAIS_ID , PROVINCIA_ID ,PROVINCIA ) VALUES ('ARG', 'SAL', 'Salta');
INSERT INTO PROVINCIAS (PAIS_ID , PROVINCIA_ID ,PROVINCIA ) VALUES ('ARG', 'SJU', 'San Juan');
INSERT INTO PROVINCIAS (PAIS_ID , PROVINCIA_ID ,PROVINCIA ) VALUES ('ARG', 'SLU', 'San Luis');
INSERT INTO PROVINCIAS (PAIS_ID , PROVINCIA_ID ,PROVINCIA ) VALUES ('ARG', 'SCR', 'Santa Cruz');
INSERT INTO PROVINCIAS (PAIS_ID , PROVINCIA_ID ,PROVINCIA ) VALUES ('ARG', 'SFE', 'Santa Fe');
INSERT INTO PROVINCIAS (PAIS_ID , PROVINCIA_ID ,PROVINCIA ) VALUES ('ARG', 'SDE', 'Santiago del Estero');
INSERT INTO PROVINCIAS (PAIS_ID , PROVINCIA_ID ,PROVINCIA ) VALUES ('ARG', 'TDF', 'Tierra del Fuego');
INSERT INTO PROVINCIAS (PAIS_ID , PROVINCIA_ID ,PROVINCIA ) VALUES ('ARG', 'TUC', 'Tucumán');
INSERT INTO PROVINCIAS (PAIS_ID , PROVINCIA_ID , PROVINCIA) VALUES ('AUS','NT','Northern Territory');
INSERT INTO PROVINCIAS (PAIS_ID , PROVINCIA_ID , PROVINCIA) VALUES ('AUS','SA','South Australia');
INSERT INTO PROVINCIAS (PAIS_ID , PROVINCIA_ID , PROVINCIA) VALUES ('AUS','WA','Western Australia');
INSERT INTO PROVINCIAS (PAIS_ID , PROVINCIA_ID , PROVINCIA) VALUES ('AUS','ACT','Austl. Cap. Terr.');
INSERT INTO PROVINCIAS (PAIS_ID , PROVINCIA_ID , PROVINCIA) VALUES ('AUS','NSW','New South Wales');
INSERT INTO PROVINCIAS (PAIS_ID , PROVINCIA_ID , PROVINCIA) VALUES ('AUS','QLD','Queensland');
INSERT INTO PROVINCIAS (PAIS_ID , PROVINCIA_ID , PROVINCIA) VALUES ('AUS','TAS','Tasmania');
INSERT INTO PROVINCIAS (PAIS_ID , PROVINCIA_ID , PROVINCIA) VALUES ('AUS','VIC','Victoria');
INSERT INTO PROVINCIAS (PAIS_ID , PROVINCIA_ID , PROVINCIA) VALUES ('BEL','AN','Antwerpen');
INSERT INTO PROVINCIAS (PAIS_ID , PROVINCIA_ID , PROVINCIA) VALUES ('BEL','HE','Henegouwen');
INSERT INTO PROVINCIAS (PAIS_ID , PROVINCIA_ID , PROVINCIA) VALUES ('BEL','LI','Limburg');
INSERT INTO PROVINCIAS (PAIS_ID , PROVINCIA_ID , PROVINCIA) VALUES ('BEL','LU','Luik');
INSERT INTO PROVINCIAS (PAIS_ID , PROVINCIA_ID , PROVINCIA) VALUES ('BEL','LX','Luxemburg');
INSERT INTO PROVINCIAS (PAIS_ID , PROVINCIA_ID , PROVINCIA) VALUES ('BEL','NA','Namen');
INSERT INTO PROVINCIAS (PAIS_ID , PROVINCIA_ID , PROVINCIA) VALUES ('BEL','OV','Oost Vlaanderen');
INSERT INTO PROVINCIAS (PAIS_ID , PROVINCIA_ID , PROVINCIA) VALUES ('BEL','VB','Vlaams Brabant');
INSERT INTO PROVINCIAS (PAIS_ID , PROVINCIA_ID , PROVINCIA) VALUES ('BEL','WB','Waals Brabant');
INSERT INTO PROVINCIAS (PAIS_ID , PROVINCIA_ID , PROVINCIA) VALUES ('BEL','WV','West Vlaanderen');
INSERT INTO PROVINCIAS (PAIS_ID , PROVINCIA_ID , PROVINCIA) VALUES ('BRA','AC','Acre');
INSERT INTO PROVINCIAS (PAIS_ID , PROVINCIA_ID , PROVINCIA) VALUES ('BRA','AL','Alagoas');
INSERT INTO PROVINCIAS (PAIS_ID , PROVINCIA_ID , PROVINCIA) VALUES ('BRA','AM','Amazonas');
INSERT INTO PROVINCIAS (PAIS_ID , PROVINCIA_ID , PROVINCIA) VALUES ('BRA','AP','Amapa');
INSERT INTO PROVINCIAS (PAIS_ID , PROVINCIA_ID , PROVINCIA) VALUES ('BRA','BA','Bahia');
INSERT INTO PROVINCIAS (PAIS_ID , PROVINCIA_ID , PROVINCIA) VALUES ('BRA','CE','Ceara');
INSERT INTO PROVINCIAS (PAIS_ID , PROVINCIA_ID , PROVINCIA) VALUES ('BRA','ES','Espirito Santo');
INSERT INTO PROVINCIAS (PAIS_ID , PROVINCIA_ID , PROVINCIA) VALUES ('BRA','FN','Fernando de Noronha');
INSERT INTO PROVINCIAS (PAIS_ID , PROVINCIA_ID , PROVINCIA) VALUES ('BRA','GO','Goias');
INSERT INTO PROVINCIAS (PAIS_ID , PROVINCIA_ID , PROVINCIA) VALUES ('BRA','MA','Maranhao');
INSERT INTO PROVINCIAS (PAIS_ID , PROVINCIA_ID , PROVINCIA) VALUES ('BRA','MG','Minas Gerais');
INSERT INTO PROVINCIAS (PAIS_ID , PROVINCIA_ID , PROVINCIA) VALUES ('BRA','MS','Mato Grosso do Sul');
INSERT INTO PROVINCIAS (PAIS_ID , PROVINCIA_ID , PROVINCIA) VALUES ('BRA','MT','Mato Grosso');
INSERT INTO PROVINCIAS (PAIS_ID , PROVINCIA_ID , PROVINCIA) VALUES ('BRA','PA','Para');
INSERT INTO PROVINCIAS (PAIS_ID , PROVINCIA_ID , PROVINCIA) VALUES ('BRA','PB','Paraiba');
INSERT INTO PROVINCIAS (PAIS_ID , PROVINCIA_ID , PROVINCIA) VALUES ('BRA','PE','Pernambuco');
INSERT INTO PROVINCIAS (PAIS_ID , PROVINCIA_ID , PROVINCIA) VALUES ('BRA','PI','Piaui');
INSERT INTO PROVINCIAS (PAIS_ID , PROVINCIA_ID , PROVINCIA) VALUES ('BRA','PR','Parana');
INSERT INTO PROVINCIAS (PAIS_ID , PROVINCIA_ID , PROVINCIA) VALUES ('BRA','RJ','Rio do Janeiro');
INSERT INTO PROVINCIAS (PAIS_ID , PROVINCIA_ID , PROVINCIA) VALUES ('BRA','RN','Rondonia');
INSERT INTO PROVINCIAS (PAIS_ID , PROVINCIA_ID , PROVINCIA) VALUES ('BRA','RO','Roraima');
INSERT INTO PROVINCIAS (PAIS_ID , PROVINCIA_ID , PROVINCIA) VALUES ('BRA','RR','Rio Grande do Sul');
INSERT INTO PROVINCIAS (PAIS_ID , PROVINCIA_ID , PROVINCIA) VALUES ('BRA','SC','Santa Catarina');
INSERT INTO PROVINCIAS (PAIS_ID , PROVINCIA_ID , PROVINCIA) VALUES ('BRA','SE','Sergipe');
INSERT INTO PROVINCIAS (PAIS_ID , PROVINCIA_ID , PROVINCIA) VALUES ('BRA','SP','Sao Paulo');
INSERT INTO PROVINCIAS (PAIS_ID , PROVINCIA_ID , PROVINCIA) VALUES ('BRA','TO','Tocantins');
INSERT INTO PROVINCIAS (PAIS_ID , PROVINCIA_ID , PROVINCIA) VALUES ('CAN','AB','Alberta');
INSERT INTO PROVINCIAS (PAIS_ID , PROVINCIA_ID , PROVINCIA) VALUES ('CAN','BC','British Columbia');
INSERT INTO PROVINCIAS (PAIS_ID , PROVINCIA_ID , PROVINCIA) VALUES ('CAN','MB','Manitoba');
INSERT INTO PROVINCIAS (PAIS_ID , PROVINCIA_ID , PROVINCIA) VALUES ('CAN','NB','New Brunswick');
INSERT INTO PROVINCIAS (PAIS_ID , PROVINCIA_ID , PROVINCIA) VALUES ('CAN','NF','Newfoundland');
INSERT INTO PROVINCIAS (PAIS_ID , PROVINCIA_ID , PROVINCIA) VALUES ('CAN','NS','Nova Scotia');
INSERT INTO PROVINCIAS (PAIS_ID , PROVINCIA_ID , PROVINCIA) VALUES ('CAN','NT','Northwest Territories');
INSERT INTO PROVINCIAS (PAIS_ID , PROVINCIA_ID , PROVINCIA) VALUES ('CAN','ON','Ontario');
INSERT INTO PROVINCIAS (PAIS_ID , PROVINCIA_ID , PROVINCIA) VALUES ('CAN','PE','Prince Edward Island');
INSERT INTO PROVINCIAS (PAIS_ID , PROVINCIA_ID , PROVINCIA) VALUES ('CAN','QC','Quebec');
INSERT INTO PROVINCIAS (PAIS_ID , PROVINCIA_ID , PROVINCIA) VALUES ('CAN','SK','Saskatchewan');
INSERT INTO PROVINCIAS (PAIS_ID , PROVINCIA_ID , PROVINCIA) VALUES ('CAN','YT','Yukon');
INSERT INTO PROVINCIAS (PAIS_ID , PROVINCIA_ID , PROVINCIA) VALUES ('CAN','ZZ','Beyond the limits of any Prov.');
INSERT INTO PROVINCIAS (PAIS_ID , PROVINCIA_ID , PROVINCIA) VALUES ('DEU','BE','Berlin');
INSERT INTO PROVINCIAS (PAIS_ID , PROVINCIA_ID , PROVINCIA) VALUES ('DEU','BR','Brandenburg');
INSERT INTO PROVINCIAS (PAIS_ID , PROVINCIA_ID , PROVINCIA) VALUES ('DEU','BW','Baden Wurttemberg');
INSERT INTO PROVINCIAS (PAIS_ID , PROVINCIA_ID , PROVINCIA) VALUES ('DEU','BY','Bayern');
INSERT INTO PROVINCIAS (PAIS_ID , PROVINCIA_ID , PROVINCIA) VALUES ('DEU','HB','Bremen');
INSERT INTO PROVINCIAS (PAIS_ID , PROVINCIA_ID , PROVINCIA) VALUES ('DEU','HE','Hessen');
INSERT INTO PROVINCIAS (PAIS_ID , PROVINCIA_ID , PROVINCIA) VALUES ('DEU','HH','Hamburg');
INSERT INTO PROVINCIAS (PAIS_ID , PROVINCIA_ID , PROVINCIA) VALUES ('DEU','MV','Mecklenburg Vorpommern');
INSERT INTO PROVINCIAS (PAIS_ID , PROVINCIA_ID , PROVINCIA) VALUES ('DEU','NI','Niedersachsen');
INSERT INTO PROVINCIAS (PAIS_ID , PROVINCIA_ID , PROVINCIA) VALUES ('DEU','NW','Nordrhein Westfalen');
INSERT INTO PROVINCIAS (PAIS_ID , PROVINCIA_ID , PROVINCIA) VALUES ('DEU','RP','Rheinland Pfalz');
INSERT INTO PROVINCIAS (PAIS_ID , PROVINCIA_ID , PROVINCIA) VALUES ('DEU','SH','Schleswig Holstein');
INSERT INTO PROVINCIAS (PAIS_ID , PROVINCIA_ID , PROVINCIA) VALUES ('DEU','SL','Saarland');
INSERT INTO PROVINCIAS (PAIS_ID , PROVINCIA_ID , PROVINCIA) VALUES ('DEU','SN','Sachsen');
INSERT INTO PROVINCIAS (PAIS_ID , PROVINCIA_ID , PROVINCIA) VALUES ('DEU','ST','Sachsen Anhalt');
INSERT INTO PROVINCIAS (PAIS_ID , PROVINCIA_ID , PROVINCIA) VALUES ('DEU','TH','Thuringen');
INSERT INTO PROVINCIAS (PAIS_ID , PROVINCIA_ID , PROVINCIA) VALUES ('ESP','00','N/A Provincia');
INSERT INTO PROVINCIAS (PAIS_ID , PROVINCIA_ID , PROVINCIA) VALUES ('ESP','01','Alvara/Araba');
INSERT INTO PROVINCIAS (PAIS_ID , PROVINCIA_ID , PROVINCIA) VALUES ('ESP','02','Albacete');
INSERT INTO PROVINCIAS (PAIS_ID , PROVINCIA_ID , PROVINCIA) VALUES ('ESP','03','Alicante');
INSERT INTO PROVINCIAS (PAIS_ID , PROVINCIA_ID , PROVINCIA) VALUES ('ESP','04','Almeria');
INSERT INTO PROVINCIAS (PAIS_ID , PROVINCIA_ID , PROVINCIA) VALUES ('ESP','05','Avila');
INSERT INTO PROVINCIAS (PAIS_ID , PROVINCIA_ID , PROVINCIA) VALUES ('ESP','06','Badajoz');
INSERT INTO PROVINCIAS (PAIS_ID , PROVINCIA_ID , PROVINCIA) VALUES ('ESP','07','Baleares');
INSERT INTO PROVINCIAS (PAIS_ID , PROVINCIA_ID , PROVINCIA) VALUES ('ESP','08','Barcelona');
INSERT INTO PROVINCIAS (PAIS_ID , PROVINCIA_ID , PROVINCIA) VALUES ('ESP','09','Burgos');
INSERT INTO PROVINCIAS (PAIS_ID , PROVINCIA_ID , PROVINCIA) VALUES ('ESP','10','Caceres');
INSERT INTO PROVINCIAS (PAIS_ID , PROVINCIA_ID , PROVINCIA) VALUES ('ESP','11','Cadiz');
INSERT INTO PROVINCIAS (PAIS_ID , PROVINCIA_ID , PROVINCIA) VALUES ('ESP','12','Castellon');
INSERT INTO PROVINCIAS (PAIS_ID , PROVINCIA_ID , PROVINCIA) VALUES ('ESP','13','Cuidad Real');
INSERT INTO PROVINCIAS (PAIS_ID , PROVINCIA_ID , PROVINCIA) VALUES ('ESP','14','Cordoba');
INSERT INTO PROVINCIAS (PAIS_ID , PROVINCIA_ID , PROVINCIA) VALUES ('ESP','15','La Coruña');
INSERT INTO PROVINCIAS (PAIS_ID , PROVINCIA_ID , PROVINCIA) VALUES ('ESP','16','Cuenca');
INSERT INTO PROVINCIAS (PAIS_ID , PROVINCIA_ID , PROVINCIA) VALUES ('ESP','17','Girona');
INSERT INTO PROVINCIAS (PAIS_ID , PROVINCIA_ID , PROVINCIA) VALUES ('ESP','18','Granada');
INSERT INTO PROVINCIAS (PAIS_ID , PROVINCIA_ID , PROVINCIA) VALUES ('ESP','19','Gudalajara');
INSERT INTO PROVINCIAS (PAIS_ID , PROVINCIA_ID , PROVINCIA) VALUES ('ESP','20','Guipuzcoa/Gipuzkoa');
INSERT INTO PROVINCIAS (PAIS_ID , PROVINCIA_ID , PROVINCIA) VALUES ('ESP','21','Huelva');
INSERT INTO PROVINCIAS (PAIS_ID , PROVINCIA_ID , PROVINCIA) VALUES ('ESP','22','Huesca');
INSERT INTO PROVINCIAS (PAIS_ID , PROVINCIA_ID , PROVINCIA) VALUES ('ESP','23','Jaen');
INSERT INTO PROVINCIAS (PAIS_ID , PROVINCIA_ID , PROVINCIA) VALUES ('ESP','24','Leon');
INSERT INTO PROVINCIAS (PAIS_ID , PROVINCIA_ID , PROVINCIA) VALUES ('ESP','25','Lerida/Lleida');
INSERT INTO PROVINCIAS (PAIS_ID , PROVINCIA_ID , PROVINCIA) VALUES ('ESP','26','La Rioja');
INSERT INTO PROVINCIAS (PAIS_ID , PROVINCIA_ID , PROVINCIA) VALUES ('ESP','27','Lugo');
INSERT INTO PROVINCIAS (PAIS_ID , PROVINCIA_ID , PROVINCIA) VALUES ('ESP','28','Madrid');
INSERT INTO PROVINCIAS (PAIS_ID , PROVINCIA_ID , PROVINCIA) VALUES ('ESP','29','Malaga');
INSERT INTO PROVINCIAS (PAIS_ID , PROVINCIA_ID , PROVINCIA) VALUES ('ESP','30','Murcia');
INSERT INTO PROVINCIAS (PAIS_ID , PROVINCIA_ID , PROVINCIA) VALUES ('ESP','31','Navarra');
INSERT INTO PROVINCIAS (PAIS_ID , PROVINCIA_ID , PROVINCIA) VALUES ('ESP','32','Orense/Ourense');
INSERT INTO PROVINCIAS (PAIS_ID , PROVINCIA_ID , PROVINCIA) VALUES ('ESP','33','Asturias');
INSERT INTO PROVINCIAS (PAIS_ID , PROVINCIA_ID , PROVINCIA) VALUES ('ESP','34','Palencia');
INSERT INTO PROVINCIAS (PAIS_ID , PROVINCIA_ID , PROVINCIA) VALUES ('ESP','35','Palmas');
INSERT INTO PROVINCIAS (PAIS_ID , PROVINCIA_ID , PROVINCIA) VALUES ('ESP','36','Pontevedra');
INSERT INTO PROVINCIAS (PAIS_ID , PROVINCIA_ID , PROVINCIA) VALUES ('ESP','37','Salamanca');
INSERT INTO PROVINCIAS (PAIS_ID , PROVINCIA_ID , PROVINCIA) VALUES ('ESP','38','Santa Cruz de Tenerife');
INSERT INTO PROVINCIAS (PAIS_ID , PROVINCIA_ID , PROVINCIA) VALUES ('ESP','39','Cantabria');
INSERT INTO PROVINCIAS (PAIS_ID , PROVINCIA_ID , PROVINCIA) VALUES ('ESP','40','Segovia');
INSERT INTO PROVINCIAS (PAIS_ID , PROVINCIA_ID , PROVINCIA) VALUES ('ESP','41','Sevilla');
INSERT INTO PROVINCIAS (PAIS_ID , PROVINCIA_ID , PROVINCIA) VALUES ('ESP','42','Soria');
INSERT INTO PROVINCIAS (PAIS_ID , PROVINCIA_ID , PROVINCIA) VALUES ('ESP','43','Tarragon');
INSERT INTO PROVINCIAS (PAIS_ID , PROVINCIA_ID , PROVINCIA) VALUES ('ESP','44','Teruel');
INSERT INTO PROVINCIAS (PAIS_ID , PROVINCIA_ID , PROVINCIA) VALUES ('ESP','45','Toledo');
INSERT INTO PROVINCIAS (PAIS_ID , PROVINCIA_ID , PROVINCIA) VALUES ('ESP','46','Valencia');
INSERT INTO PROVINCIAS (PAIS_ID , PROVINCIA_ID , PROVINCIA) VALUES ('ESP','47','Valladolid');
INSERT INTO PROVINCIAS (PAIS_ID , PROVINCIA_ID , PROVINCIA) VALUES ('ESP','48','Vizcaya/Bizkaia');
INSERT INTO PROVINCIAS (PAIS_ID , PROVINCIA_ID , PROVINCIA) VALUES ('ESP','49','Zamora');
INSERT INTO PROVINCIAS (PAIS_ID , PROVINCIA_ID , PROVINCIA) VALUES ('ESP','50','Zaragoza');
INSERT INTO PROVINCIAS (PAIS_ID , PROVINCIA_ID , PROVINCIA) VALUES ('ESP','51','Ceuta');
INSERT INTO PROVINCIAS (PAIS_ID , PROVINCIA_ID , PROVINCIA) VALUES ('ESP','52','Melilla');
INSERT INTO PROVINCIAS (PAIS_ID , PROVINCIA_ID , PROVINCIA) VALUES ('ESP','ACE','Caceres');
INSERT INTO PROVINCIAS (PAIS_ID , PROVINCIA_ID , PROVINCIA) VALUES ('ESP','ADA','Badajoz');
INSERT INTO PROVINCIAS (PAIS_ID , PROVINCIA_ID , PROVINCIA) VALUES ('ESP','ADI','Cadiz');
INSERT INTO PROVINCIAS (PAIS_ID , PROVINCIA_ID , PROVINCIA) VALUES ('ESP','ADR','Madrid');
INSERT INTO PROVINCIAS (PAIS_ID , PROVINCIA_ID , PROVINCIA) VALUES ('ESP','AEN','Jaen');
INSERT INTO PROVINCIAS (PAIS_ID , PROVINCIA_ID , PROVINCIA) VALUES ('ESP','ALA','Salamanca');
INSERT INTO PROVINCIAS (PAIS_ID , PROVINCIA_ID , PROVINCIA) VALUES ('ESP','ALE','Valencia');
INSERT INTO PROVINCIAS (PAIS_ID , PROVINCIA_ID , PROVINCIA) VALUES ('ESP','ALL','Valladolid');
INSERT INTO PROVINCIAS (PAIS_ID , PROVINCIA_ID , PROVINCIA) VALUES ('ESP','ALM','Palmas');
INSERT INTO PROVINCIAS (PAIS_ID , PROVINCIA_ID , PROVINCIA) VALUES ('ESP','AMO','Zamora');
INSERT INTO PROVINCIAS (PAIS_ID , PROVINCIA_ID , PROVINCIA) VALUES ('ESP','ANT','Cantabria');
INSERT INTO PROVINCIAS (PAIS_ID , PROVINCIA_ID , PROVINCIA) VALUES ('ESP','ARA','Zaragoza');
INSERT INTO PROVINCIAS (PAIS_ID , PROVINCIA_ID , PROVINCIA) VALUES ('ESP','ARC','Barcelona');
INSERT INTO PROVINCIAS (PAIS_ID , PROVINCIA_ID , PROVINCIA) VALUES ('ESP','ARR','Tarragon');
INSERT INTO PROVINCIAS (PAIS_ID , PROVINCIA_ID , PROVINCIA) VALUES ('ESP','AST','Castellon');
INSERT INTO PROVINCIAS (PAIS_ID , PROVINCIA_ID , PROVINCIA) VALUES ('ESP','AVA','Navarra');
INSERT INTO PROVINCIAS (PAIS_ID , PROVINCIA_ID , PROVINCIA) VALUES ('ESP','EGO','Segovia');
INSERT INTO PROVINCIAS (PAIS_ID , PROVINCIA_ID , PROVINCIA) VALUES ('ESP','ENE','Santa Cruz de Tenerife');
INSERT INTO PROVINCIAS (PAIS_ID , PROVINCIA_ID , PROVINCIA) VALUES ('ESP','EON','Leon');
INSERT INTO PROVINCIAS (PAIS_ID , PROVINCIA_ID , PROVINCIA) VALUES ('ESP','ERI','Lerida/Lleida');
INSERT INTO PROVINCIAS (PAIS_ID , PROVINCIA_ID , PROVINCIA) VALUES ('ESP','ERU','Teruel');
INSERT INTO PROVINCIAS (PAIS_ID , PROVINCIA_ID , PROVINCIA) VALUES ('ESP','EVI','Sevilla');
INSERT INTO PROVINCIAS (PAIS_ID , PROVINCIA_ID , PROVINCIA) VALUES ('ESP','IOJ','La Rioja');
INSERT INTO PROVINCIAS (PAIS_ID , PROVINCIA_ID , PROVINCIA) VALUES ('ESP','IRO','Girona');
INSERT INTO PROVINCIAS (PAIS_ID , PROVINCIA_ID , PROVINCIA) VALUES ('ESP','IZC','Vizcaya/Bizkaia');
INSERT INTO PROVINCIAS (PAIS_ID , PROVINCIA_ID , PROVINCIA) VALUES ('ESP','LBA','Albacete');
INSERT INTO PROVINCIAS (PAIS_ID , PROVINCIA_ID , PROVINCIA) VALUES ('ESP','LIC','Alicante');
INSERT INTO PROVINCIAS (PAIS_ID , PROVINCIA_ID , PROVINCIA) VALUES ('ESP','LME','Almeria');
INSERT INTO PROVINCIAS (PAIS_ID , PROVINCIA_ID , PROVINCIA) VALUES ('ESP','LVA','Alvara/Araba');
INSERT INTO PROVINCIAS (PAIS_ID , PROVINCIA_ID , PROVINCIA) VALUES ('ESP','OLE','Toledo');
INSERT INTO PROVINCIAS (PAIS_ID , PROVINCIA_ID , PROVINCIA) VALUES ('ESP','ONT','Pontevedra');
INSERT INTO PROVINCIAS (PAIS_ID , PROVINCIA_ID , PROVINCIA) VALUES ('ESP','ORD','Cordoba');
INSERT INTO PROVINCIAS (PAIS_ID , PROVINCIA_ID , PROVINCIA) VALUES ('ESP','ORI','Soria');
INSERT INTO PROVINCIAS (PAIS_ID , PROVINCIA_ID , PROVINCIA) VALUES ('ESP','ORU','La Coruña');
INSERT INTO PROVINCIAS (PAIS_ID , PROVINCIA_ID , PROVINCIA) VALUES ('ESP','RAN','Granada');
INSERT INTO PROVINCIAS (PAIS_ID , PROVINCIA_ID , PROVINCIA) VALUES ('ESP','REN','Orense/Ourense');
INSERT INTO PROVINCIAS (PAIS_ID , PROVINCIA_ID , PROVINCIA) VALUES ('ESP','STU','Asturias');
INSERT INTO PROVINCIAS (PAIS_ID , PROVINCIA_ID , PROVINCIA) VALUES ('ESP','UAD','Gudalajara');
INSERT INTO PROVINCIAS (PAIS_ID , PROVINCIA_ID , PROVINCIA) VALUES ('ESP','UEL','Huelva');
INSERT INTO PROVINCIAS (PAIS_ID , PROVINCIA_ID , PROVINCIA) VALUES ('ESP','UEN','Cuenca');
INSERT INTO PROVINCIAS (PAIS_ID , PROVINCIA_ID , PROVINCIA) VALUES ('ESP','UES','Huesca');
INSERT INTO PROVINCIAS (PAIS_ID , PROVINCIA_ID , PROVINCIA) VALUES ('ESP','UGO','Lugo');
INSERT INTO PROVINCIAS (PAIS_ID , PROVINCIA_ID , PROVINCIA) VALUES ('ESP','UID','Cuidad Real');
INSERT INTO PROVINCIAS (PAIS_ID , PROVINCIA_ID , PROVINCIA) VALUES ('ESP','UIP','Guipuzcoa/Gipuzkoa');
INSERT INTO PROVINCIAS (PAIS_ID , PROVINCIA_ID , PROVINCIA) VALUES ('ESP','URC','Murcia');
INSERT INTO PROVINCIAS (PAIS_ID , PROVINCIA_ID , PROVINCIA) VALUES ('ESP','URG','Burgos');
INSERT INTO PROVINCIAS (PAIS_ID , PROVINCIA_ID , PROVINCIA) VALUES ('ESP','VIL','Avila');
INSERT INTO PROVINCIAS (PAIS_ID , PROVINCIA_ID , PROVINCIA) VALUES ('FRA','01','Ain');
INSERT INTO PROVINCIAS (PAIS_ID , PROVINCIA_ID , PROVINCIA) VALUES ('FRA','02','Aisne');
INSERT INTO PROVINCIAS (PAIS_ID , PROVINCIA_ID , PROVINCIA) VALUES ('FRA','03','Allier');
INSERT INTO PROVINCIAS (PAIS_ID , PROVINCIA_ID , PROVINCIA) VALUES ('FRA','04','Alpes de Haute Provence');
INSERT INTO PROVINCIAS (PAIS_ID , PROVINCIA_ID , PROVINCIA) VALUES ('FRA','05','Hautes Alpes');
INSERT INTO PROVINCIAS (PAIS_ID , PROVINCIA_ID , PROVINCIA) VALUES ('FRA','06','Alpes Maritimes');
INSERT INTO PROVINCIAS (PAIS_ID , PROVINCIA_ID , PROVINCIA) VALUES ('FRA','07','Ardeche');
INSERT INTO PROVINCIAS (PAIS_ID , PROVINCIA_ID , PROVINCIA) VALUES ('FRA','08','Ardennes');
INSERT INTO PROVINCIAS (PAIS_ID , PROVINCIA_ID , PROVINCIA) VALUES ('FRA','09','Ariege');
INSERT INTO PROVINCIAS (PAIS_ID , PROVINCIA_ID , PROVINCIA) VALUES ('FRA','10','Aube');
INSERT INTO PROVINCIAS (PAIS_ID , PROVINCIA_ID , PROVINCIA) VALUES ('FRA','11','Aude');
INSERT INTO PROVINCIAS (PAIS_ID , PROVINCIA_ID , PROVINCIA) VALUES ('FRA','12','Aveyron');
INSERT INTO PROVINCIAS (PAIS_ID , PROVINCIA_ID , PROVINCIA) VALUES ('FRA','13','Bouches du Rhône');
INSERT INTO PROVINCIAS (PAIS_ID , PROVINCIA_ID , PROVINCIA) VALUES ('FRA','14','Calvados');
INSERT INTO PROVINCIAS (PAIS_ID , PROVINCIA_ID , PROVINCIA) VALUES ('FRA','15','Cantal');
INSERT INTO PROVINCIAS (PAIS_ID , PROVINCIA_ID , PROVINCIA) VALUES ('FRA','16','Charente');
INSERT INTO PROVINCIAS (PAIS_ID , PROVINCIA_ID , PROVINCIA) VALUES ('FRA','17','Charente Maritime');
INSERT INTO PROVINCIAS (PAIS_ID , PROVINCIA_ID , PROVINCIA) VALUES ('FRA','18','Cher');
INSERT INTO PROVINCIAS (PAIS_ID , PROVINCIA_ID , PROVINCIA) VALUES ('FRA','19','Correze');
INSERT INTO PROVINCIAS (PAIS_ID , PROVINCIA_ID , PROVINCIA) VALUES ('FRA','21','Cote d¿Or');
INSERT INTO PROVINCIAS (PAIS_ID , PROVINCIA_ID , PROVINCIA) VALUES ('FRA','22','Cotes d Armor');
INSERT INTO PROVINCIAS (PAIS_ID , PROVINCIA_ID , PROVINCIA) VALUES ('FRA','23','Creuse');
INSERT INTO PROVINCIAS (PAIS_ID , PROVINCIA_ID , PROVINCIA) VALUES ('FRA','24','Dordogne');
INSERT INTO PROVINCIAS (PAIS_ID , PROVINCIA_ID , PROVINCIA) VALUES ('FRA','25','Doubs');
INSERT INTO PROVINCIAS (PAIS_ID , PROVINCIA_ID , PROVINCIA) VALUES ('FRA','26','Drome');
INSERT INTO PROVINCIAS (PAIS_ID , PROVINCIA_ID , PROVINCIA) VALUES ('FRA','27','Eure');
INSERT INTO PROVINCIAS (PAIS_ID , PROVINCIA_ID , PROVINCIA) VALUES ('FRA','28','Eure et Loir');
INSERT INTO PROVINCIAS (PAIS_ID , PROVINCIA_ID , PROVINCIA) VALUES ('FRA','29','Finistere');
INSERT INTO PROVINCIAS (PAIS_ID , PROVINCIA_ID , PROVINCIA) VALUES ('FRA','2A','Corse du Sud');
INSERT INTO PROVINCIAS (PAIS_ID , PROVINCIA_ID , PROVINCIA) VALUES ('FRA','2B','Haute Corse');
INSERT INTO PROVINCIAS (PAIS_ID , PROVINCIA_ID , PROVINCIA) VALUES ('FRA','30','Gard');
INSERT INTO PROVINCIAS (PAIS_ID , PROVINCIA_ID , PROVINCIA) VALUES ('FRA','31','Haute Garonne');
INSERT INTO PROVINCIAS (PAIS_ID , PROVINCIA_ID , PROVINCIA) VALUES ('FRA','32','Gers');
INSERT INTO PROVINCIAS (PAIS_ID , PROVINCIA_ID , PROVINCIA) VALUES ('FRA','33','Gironde');
INSERT INTO PROVINCIAS (PAIS_ID , PROVINCIA_ID , PROVINCIA) VALUES ('FRA','34','Herault');
INSERT INTO PROVINCIAS (PAIS_ID , PROVINCIA_ID , PROVINCIA) VALUES ('FRA','35','Ille et Vilaine');
INSERT INTO PROVINCIAS (PAIS_ID , PROVINCIA_ID , PROVINCIA) VALUES ('FRA','36','Indre');
INSERT INTO PROVINCIAS (PAIS_ID , PROVINCIA_ID , PROVINCIA) VALUES ('FRA','37','Indre et Loire');
INSERT INTO PROVINCIAS (PAIS_ID , PROVINCIA_ID , PROVINCIA) VALUES ('FRA','38','Isere');
INSERT INTO PROVINCIAS (PAIS_ID , PROVINCIA_ID , PROVINCIA) VALUES ('FRA','39','Jura');
INSERT INTO PROVINCIAS (PAIS_ID , PROVINCIA_ID , PROVINCIA) VALUES ('FRA','40','Landes');
INSERT INTO PROVINCIAS (PAIS_ID , PROVINCIA_ID , PROVINCIA) VALUES ('FRA','41','Loir et Cher');
INSERT INTO PROVINCIAS (PAIS_ID , PROVINCIA_ID , PROVINCIA) VALUES ('FRA','42','Loire');
INSERT INTO PROVINCIAS (PAIS_ID , PROVINCIA_ID , PROVINCIA) VALUES ('FRA','43','Haute Loire');
INSERT INTO PROVINCIAS (PAIS_ID , PROVINCIA_ID , PROVINCIA) VALUES ('FRA','44','Loire Atlantique');
INSERT INTO PROVINCIAS (PAIS_ID , PROVINCIA_ID , PROVINCIA) VALUES ('FRA','45','Loiret');
INSERT INTO PROVINCIAS (PAIS_ID , PROVINCIA_ID , PROVINCIA) VALUES ('FRA','46','Lot');
INSERT INTO PROVINCIAS (PAIS_ID , PROVINCIA_ID , PROVINCIA) VALUES ('FRA','47','Lot et Garonne');
INSERT INTO PROVINCIAS (PAIS_ID , PROVINCIA_ID , PROVINCIA) VALUES ('FRA','48','Lozere');
INSERT INTO PROVINCIAS (PAIS_ID , PROVINCIA_ID , PROVINCIA) VALUES ('FRA','49','Maine et Loire');
INSERT INTO PROVINCIAS (PAIS_ID , PROVINCIA_ID , PROVINCIA) VALUES ('FRA','50','Manche');
INSERT INTO PROVINCIAS (PAIS_ID , PROVINCIA_ID , PROVINCIA) VALUES ('FRA','51','Marne');
INSERT INTO PROVINCIAS (PAIS_ID , PROVINCIA_ID , PROVINCIA) VALUES ('FRA','52','Haute Marne');
INSERT INTO PROVINCIAS (PAIS_ID , PROVINCIA_ID , PROVINCIA) VALUES ('FRA','53','Mayenne');
INSERT INTO PROVINCIAS (PAIS_ID , PROVINCIA_ID , PROVINCIA) VALUES ('FRA','54','Meurthe et Moselle');
INSERT INTO PROVINCIAS (PAIS_ID , PROVINCIA_ID , PROVINCIA) VALUES ('FRA','55','Meuse');
INSERT INTO PROVINCIAS (PAIS_ID , PROVINCIA_ID , PROVINCIA) VALUES ('FRA','56','Morbihan');
INSERT INTO PROVINCIAS (PAIS_ID , PROVINCIA_ID , PROVINCIA) VALUES ('FRA','57','Moselle');
INSERT INTO PROVINCIAS (PAIS_ID , PROVINCIA_ID , PROVINCIA) VALUES ('FRA','58','Nievre');
INSERT INTO PROVINCIAS (PAIS_ID , PROVINCIA_ID , PROVINCIA) VALUES ('FRA','59','Nord');
INSERT INTO PROVINCIAS (PAIS_ID , PROVINCIA_ID , PROVINCIA) VALUES ('FRA','60','Oise');
INSERT INTO PROVINCIAS (PAIS_ID , PROVINCIA_ID , PROVINCIA) VALUES ('FRA','61','Orne');
INSERT INTO PROVINCIAS (PAIS_ID , PROVINCIA_ID , PROVINCIA) VALUES ('FRA','62','Pas de Calais');
INSERT INTO PROVINCIAS (PAIS_ID , PROVINCIA_ID , PROVINCIA) VALUES ('FRA','63','Puy de Dome');
INSERT INTO PROVINCIAS (PAIS_ID , PROVINCIA_ID , PROVINCIA) VALUES ('FRA','64','Pyrenees Atlantiques');
INSERT INTO PROVINCIAS (PAIS_ID , PROVINCIA_ID , PROVINCIA) VALUES ('FRA','65','Haute Pyrenees');
INSERT INTO PROVINCIAS (PAIS_ID , PROVINCIA_ID , PROVINCIA) VALUES ('FRA','66','Pyrenees Orientales');
INSERT INTO PROVINCIAS (PAIS_ID , PROVINCIA_ID , PROVINCIA) VALUES ('FRA','67','Bas Rhin');
INSERT INTO PROVINCIAS (PAIS_ID , PROVINCIA_ID , PROVINCIA) VALUES ('FRA','68','Haut Rhin');
INSERT INTO PROVINCIAS (PAIS_ID , PROVINCIA_ID , PROVINCIA) VALUES ('FRA','69','Rhone');
INSERT INTO PROVINCIAS (PAIS_ID , PROVINCIA_ID , PROVINCIA) VALUES ('FRA','70','Haute Saone');
INSERT INTO PROVINCIAS (PAIS_ID , PROVINCIA_ID , PROVINCIA) VALUES ('FRA','71','Saone et Loire');
INSERT INTO PROVINCIAS (PAIS_ID , PROVINCIA_ID , PROVINCIA) VALUES ('FRA','72','Sarthe');
INSERT INTO PROVINCIAS (PAIS_ID , PROVINCIA_ID , PROVINCIA) VALUES ('FRA','73','Savoie');
INSERT INTO PROVINCIAS (PAIS_ID , PROVINCIA_ID , PROVINCIA) VALUES ('FRA','74','Haute Savoie');
INSERT INTO PROVINCIAS (PAIS_ID , PROVINCIA_ID , PROVINCIA) VALUES ('FRA','75','Paris');
INSERT INTO PROVINCIAS (PAIS_ID , PROVINCIA_ID , PROVINCIA) VALUES ('FRA','76','Seine Maritime');
INSERT INTO PROVINCIAS (PAIS_ID , PROVINCIA_ID , PROVINCIA) VALUES ('FRA','77','Seine et Marne');
INSERT INTO PROVINCIAS (PAIS_ID , PROVINCIA_ID , PROVINCIA) VALUES ('FRA','78','Yvelines');
INSERT INTO PROVINCIAS (PAIS_ID , PROVINCIA_ID , PROVINCIA) VALUES ('FRA','79','Deux Serves');
INSERT INTO PROVINCIAS (PAIS_ID , PROVINCIA_ID , PROVINCIA) VALUES ('FRA','80','Somme');
INSERT INTO PROVINCIAS (PAIS_ID , PROVINCIA_ID , PROVINCIA) VALUES ('FRA','81','Tarn');
INSERT INTO PROVINCIAS (PAIS_ID , PROVINCIA_ID , PROVINCIA) VALUES ('FRA','82','Tarn et Garonne');
INSERT INTO PROVINCIAS (PAIS_ID , PROVINCIA_ID , PROVINCIA) VALUES ('FRA','83','Var');
INSERT INTO PROVINCIAS (PAIS_ID , PROVINCIA_ID , PROVINCIA) VALUES ('FRA','84','Vaculuse');
INSERT INTO PROVINCIAS (PAIS_ID , PROVINCIA_ID , PROVINCIA) VALUES ('FRA','85','Vendee');
INSERT INTO PROVINCIAS (PAIS_ID , PROVINCIA_ID , PROVINCIA) VALUES ('FRA','86','Vienne');
INSERT INTO PROVINCIAS (PAIS_ID , PROVINCIA_ID , PROVINCIA) VALUES ('FRA','87','Haute Vienne');
INSERT INTO PROVINCIAS (PAIS_ID , PROVINCIA_ID , PROVINCIA) VALUES ('FRA','88','Vosges');
INSERT INTO PROVINCIAS (PAIS_ID , PROVINCIA_ID , PROVINCIA) VALUES ('FRA','89','Yonne');
INSERT INTO PROVINCIAS (PAIS_ID , PROVINCIA_ID , PROVINCIA) VALUES ('FRA','90','Territoire de Belfort');
INSERT INTO PROVINCIAS (PAIS_ID , PROVINCIA_ID , PROVINCIA) VALUES ('FRA','91','Essonne');
INSERT INTO PROVINCIAS (PAIS_ID , PROVINCIA_ID , PROVINCIA) VALUES ('FRA','92','Hauts de Seine');
INSERT INTO PROVINCIAS (PAIS_ID , PROVINCIA_ID , PROVINCIA) VALUES ('FRA','93','Seine St Denis');
INSERT INTO PROVINCIAS (PAIS_ID , PROVINCIA_ID , PROVINCIA) VALUES ('FRA','94','Val de Marne');
INSERT INTO PROVINCIAS (PAIS_ID , PROVINCIA_ID , PROVINCIA) VALUES ('FRA','95','Val d Oise');
INSERT INTO PROVINCIAS (PAIS_ID , PROVINCIA_ID , PROVINCIA) VALUES ('FRA','99','Etranger (Hors France)');
INSERT INTO PROVINCIAS (PAIS_ID , PROVINCIA_ID , PROVINCIA) VALUES ('FRA','971','Guadeloupe');
INSERT INTO PROVINCIAS (PAIS_ID , PROVINCIA_ID , PROVINCIA) VALUES ('FRA','972','Martinque');
INSERT INTO PROVINCIAS (PAIS_ID , PROVINCIA_ID , PROVINCIA) VALUES ('FRA','973','Guyane');
INSERT INTO PROVINCIAS (PAIS_ID , PROVINCIA_ID , PROVINCIA) VALUES ('FRA','974','Reunion');
INSERT INTO PROVINCIAS (PAIS_ID , PROVINCIA_ID , PROVINCIA) VALUES ('FRA','975','Saint Pierre et Miquelon');
INSERT INTO PROVINCIAS (PAIS_ID , PROVINCIA_ID , PROVINCIA) VALUES ('FRA','984','Terres Australes Francaises');
INSERT INTO PROVINCIAS (PAIS_ID , PROVINCIA_ID , PROVINCIA) VALUES ('FRA','985','Mayotte');
INSERT INTO PROVINCIAS (PAIS_ID , PROVINCIA_ID , PROVINCIA) VALUES ('FRA','986','Wallis et Futuna');
INSERT INTO PROVINCIAS (PAIS_ID , PROVINCIA_ID , PROVINCIA) VALUES ('FRA','987','Polynesie Francaise');
INSERT INTO PROVINCIAS (PAIS_ID , PROVINCIA_ID , PROVINCIA) VALUES ('FRA','988','Nouvelle Caledonie');
INSERT INTO PROVINCIAS (PAIS_ID , PROVINCIA_ID , PROVINCIA) VALUES ('GBR','GL','West Glamorgan');
INSERT INTO PROVINCIAS (PAIS_ID , PROVINCIA_ID , PROVINCIA) VALUES ('GBR','IS','Western Isles');
INSERT INTO PROVINCIAS (PAIS_ID , PROVINCIA_ID , PROVINCIA) VALUES ('GBR','SU','West Sussex');
INSERT INTO PROVINCIAS (PAIS_ID , PROVINCIA_ID , PROVINCIA) VALUES ('GBR','YO','North Yorkshire');
INSERT INTO PROVINCIAS (PAIS_ID , PROVINCIA_ID , PROVINCIA) VALUES ('GBR','.SU','East Sussex');
INSERT INTO PROVINCIAS (PAIS_ID , PROVINCIA_ID , PROVINCIA) VALUES ('GBR','AMB','Cambridgeshire');
INSERT INTO PROVINCIAS (PAIS_ID , PROVINCIA_ID , PROVINCIA) VALUES ('GBR','ANC','Lancashire');
INSERT INTO PROVINCIAS (PAIS_ID , PROVINCIA_ID , PROVINCIA) VALUES ('GBR','ANT','Hampshire');
INSERT INTO PROVINCIAS (PAIS_ID , PROVINCIA_ID , PROVINCIA) VALUES ('GBR','ARD','Ards');
INSERT INTO PROVINCIAS (PAIS_ID , PROVINCIA_ID , PROVINCIA) VALUES ('GBR','ARM','Armagh');
INSERT INTO PROVINCIAS (PAIS_ID , PROVINCIA_ID , PROVINCIA) VALUES ('GBR','ARW','Warwickshire');
INSERT INTO PROVINCIAS (PAIS_ID , PROVINCIA_ID , PROVINCIA) VALUES ('GBR','AYS','Tayside Region');
INSERT INTO PROVINCIAS (PAIS_ID , PROVINCIA_ID , PROVINCIA) VALUES ('GBR','BFS','Belfast');
INSERT INTO PROVINCIAS (PAIS_ID , PROVINCIA_ID , PROVINCIA) VALUES ('GBR','BLA','Ballymena');
INSERT INTO PROVINCIAS (PAIS_ID , PROVINCIA_ID , PROVINCIA) VALUES ('GBR','BLY','Ballymoney');
INSERT INTO PROVINCIAS (PAIS_ID , PROVINCIA_ID , PROVINCIA) VALUES ('GBR','BNB','Banbridge');
INSERT INTO PROVINCIAS (PAIS_ID , PROVINCIA_ID , PROVINCIA) VALUES ('GBR','CFK','Carrickfergus');
INSERT INTO PROVINCIAS (PAIS_ID , PROVINCIA_ID , PROVINCIA) VALUES ('GBR','CGV','Craigavon');
INSERT INTO PROVINCIAS (PAIS_ID , PROVINCIA_ID , PROVINCIA) VALUES ('GBR','CKT','Cookstown');
INSERT INTO PROVINCIAS (PAIS_ID , PROVINCIA_ID , PROVINCIA) VALUES ('GBR','CLR','Coleraine');
INSERT INTO PROVINCIAS (PAIS_ID , PROVINCIA_ID , PROVINCIA) VALUES ('GBR','CSR','Castlereagh');
INSERT INTO PROVINCIAS (PAIS_ID , PROVINCIA_ID , PROVINCIA) VALUES ('GBR','D&G','Dumfries & Galloway Region');
INSERT INTO PROVINCIAS (PAIS_ID , PROVINCIA_ID , PROVINCIA) VALUES ('GBR','DDS','Middlesex');
INSERT INTO PROVINCIAS (PAIS_ID , PROVINCIA_ID , PROVINCIA) VALUES ('GBR','DGN','Dungannon');
INSERT INTO PROVINCIAS (PAIS_ID , PROVINCIA_ID , PROVINCIA) VALUES ('GBR','DOW','Down');
INSERT INTO PROVINCIAS (PAIS_ID , PROVINCIA_ID , PROVINCIA) VALUES ('GBR','DRY','Derry');
INSERT INTO PROVINCIAS (PAIS_ID , PROVINCIA_ID , PROVINCIA) VALUES ('GBR','DUR','Durham');
INSERT INTO PROVINCIAS (PAIS_ID , PROVINCIA_ID , PROVINCIA) VALUES ('GBR','EDS','Bedfordshire');
INSERT INTO PROVINCIAS (PAIS_ID , PROVINCIA_ID , PROVINCIA) VALUES ('GBR','EIC','Leicestershire');
INSERT INTO PROVINCIAS (PAIS_ID , PROVINCIA_ID , PROVINCIA) VALUES ('GBR','ENT','Kent');
INSERT INTO PROVINCIAS (PAIS_ID , PROVINCIA_ID , PROVINCIA) VALUES ('GBR','ERB','Derbyshire');
INSERT INTO PROVINCIAS (PAIS_ID , PROVINCIA_ID , PROVINCIA) VALUES ('GBR','ERK','Berkshire');
INSERT INTO PROVINCIAS (PAIS_ID , PROVINCIA_ID , PROVINCIA) VALUES ('GBR','ERS','Merseyside');
INSERT INTO PROVINCIAS (PAIS_ID , PROVINCIA_ID , PROVINCIA) VALUES ('GBR','ERT','Hertfordshire');
INSERT INTO PROVINCIAS (PAIS_ID , PROVINCIA_ID , PROVINCIA) VALUES ('GBR','EVO','Devon');
INSERT INTO PROVINCIAS (PAIS_ID , PROVINCIA_ID , PROVINCIA) VALUES ('GBR','FER','Fermanagh');
INSERT INTO PROVINCIAS (PAIS_ID , PROVINCIA_ID , PROVINCIA) VALUES ('GBR','FOR','Herefordshire');
INSERT INTO PROVINCIAS (PAIS_ID , PROVINCIA_ID , PROVINCIA) VALUES ('GBR','HAN','Northamptonshire');
INSERT INTO PROVINCIAS (PAIS_ID , PROVINCIA_ID , PROVINCIA) VALUES ('GBR','HES','Cheshire');
INSERT INTO PROVINCIAS (PAIS_ID , PROVINCIA_ID , PROVINCIA) VALUES ('GBR','HET','Shetland Is');
INSERT INTO PROVINCIAS (PAIS_ID , PROVINCIA_ID , PROVINCIA) VALUES ('GBR','HL ','Channel Is');
INSERT INTO PROVINCIAS (PAIS_ID , PROVINCIA_ID , PROVINCIA) VALUES ('GBR','HRO','Shropshire');
INSERT INTO PROVINCIAS (PAIS_ID , PROVINCIA_ID , PROVINCIA) VALUES ('GBR','IFE','Fife Region');
INSERT INTO PROVINCIAS (PAIS_ID , PROVINCIA_ID , PROVINCIA) VALUES ('GBR','IGH','Highland Region');
INSERT INTO PROVINCIAS (PAIS_ID , PROVINCIA_ID , PROVINCIA) VALUES ('GBR','ILT','Wiltshire');
INSERT INTO PROVINCIAS (PAIS_ID , PROVINCIA_ID , PROVINCIA) VALUES ('GBR','INC','Lincolnshire');
INSERT INTO PROVINCIAS (PAIS_ID , PROVINCIA_ID , PROVINCIA) VALUES ('GBR','IOM','Isle of Man');
INSERT INTO PROVINCIAS (PAIS_ID , PROVINCIA_ID , PROVINCIA) VALUES ('GBR','IOS','Isles of Scilly');
INSERT INTO PROVINCIAS (PAIS_ID , PROVINCIA_ID , PROVINCIA) VALUES ('GBR','IOW','Isle of Wight');
INSERT INTO PROVINCIAS (PAIS_ID , PROVINCIA_ID , PROVINCIA) VALUES ('GBR','LMV','Limavady');
INSERT INTO PROVINCIAS (PAIS_ID , PROVINCIA_ID , PROVINCIA) VALUES ('GBR','LOU','Gloucestershire');
INSERT INTO PROVINCIAS (PAIS_ID , PROVINCIA_ID , PROVINCIA) VALUES ('GBR','LRN','Larne');
INSERT INTO PROVINCIAS (PAIS_ID , PROVINCIA_ID , PROVINCIA) VALUES ('GBR','LSB','Lisburn');
INSERT INTO PROVINCIAS (PAIS_ID , PROVINCIA_ID , PROVINCIA) VALUES ('GBR','LWY','Clwyd');
INSERT INTO PROVINCIAS (PAIS_ID , PROVINCIA_ID , PROVINCIA) VALUES ('GBR','MFT','Magherafelt');
INSERT INTO PROVINCIAS (PAIS_ID , PROVINCIA_ID , PROVINCIA) VALUES ('GBR','MYL','Moyle');
INSERT INTO PROVINCIAS (PAIS_ID , PROVINCIA_ID , PROVINCIA) VALUES ('GBR','NDN','North Down');
INSERT INTO PROVINCIAS (PAIS_ID , PROVINCIA_ID , PROVINCIA) VALUES ('GBR','NTA','Newtownabbey');
INSERT INTO PROVINCIAS (PAIS_ID , PROVINCIA_ID , PROVINCIA) VALUES ('GBR','NWL','Cornwall');
INSERT INTO PROVINCIAS (PAIS_ID , PROVINCIA_ID , PROVINCIA) VALUES ('GBR','NYM','Newry and Mourne');
INSERT INTO PROVINCIAS (PAIS_ID , PROVINCIA_ID , PROVINCIA) VALUES ('GBR','OME','Somerset');
INSERT INTO PROVINCIAS (PAIS_ID , PROVINCIA_ID , PROVINCIA) VALUES ('GBR','OMH','Omagh');
INSERT INTO PROVINCIAS (PAIS_ID , PROVINCIA_ID , PROVINCIA) VALUES ('GBR','ORD','Borders Region');
INSERT INTO PROVINCIAS (PAIS_ID , PROVINCIA_ID , PROVINCIA) VALUES ('GBR','ORF','Norfolk');
INSERT INTO PROVINCIAS (PAIS_ID , PROVINCIA_ID , PROVINCIA) VALUES ('GBR','ORK','Orkney Is');
INSERT INTO PROVINCIAS (PAIS_ID , PROVINCIA_ID , PROVINCIA) VALUES ('GBR','ORS','Dorset');
INSERT INTO PROVINCIAS (PAIS_ID , PROVINCIA_ID , PROVINCIA) VALUES ('GBR','OTH','Lothian Region');
INSERT INTO PROVINCIAS (PAIS_ID , PROVINCIA_ID , PROVINCIA) VALUES ('GBR','OTT','Nottinghamshire');
INSERT INTO PROVINCIAS (PAIS_ID , PROVINCIA_ID , PROVINCIA) VALUES ('GBR','OWY','Powys');
INSERT INTO PROVINCIAS (PAIS_ID , PROVINCIA_ID , PROVINCIA) VALUES ('GBR','RAM','Grampian Region');
INSERT INTO PROVINCIAS (PAIS_ID , PROVINCIA_ID , PROVINCIA) VALUES ('GBR','RIS','Bristol');
INSERT INTO PROVINCIAS (PAIS_ID , PROVINCIA_ID , PROVINCIA) VALUES ('GBR','SSE','Essex');
INSERT INTO PROVINCIAS (PAIS_ID , PROVINCIA_ID , PROVINCIA) VALUES ('GBR','STB','Strabane');
INSERT INTO PROVINCIAS (PAIS_ID , PROVINCIA_ID , PROVINCIA) VALUES ('GBR','STM','West Midlands');
INSERT INTO PROVINCIAS (PAIS_ID , PROVINCIA_ID , PROVINCIA) VALUES ('GBR','T L','Greater London');
INSERT INTO PROVINCIAS (PAIS_ID , PROVINCIA_ID , PROVINCIA) VALUES ('GBR','T M','Greater Manchester');
INSERT INTO PROVINCIAS (PAIS_ID , PROVINCIA_ID , PROVINCIA) VALUES ('GBR','T&W','Tyne & Wear');
INSERT INTO PROVINCIAS (PAIS_ID , PROVINCIA_ID , PROVINCIA) VALUES ('GBR','TAF','Staffordshire');
INSERT INTO PROVINCIAS (PAIS_ID , PROVINCIA_ID , PROVINCIA) VALUES ('GBR','THU','Northumberland');
INSERT INTO PROVINCIAS (PAIS_ID , PROVINCIA_ID , PROVINCIA) VALUES ('GBR','TRA','Strathclyde Region');
INSERT INTO PROVINCIAS (PAIS_ID , PROVINCIA_ID , PROVINCIA) VALUES ('GBR','UCK','Buckinghamshire');
INSERT INTO PROVINCIAS (PAIS_ID , PROVINCIA_ID , PROVINCIA) VALUES ('GBR','UFF','Suffolk');
INSERT INTO PROVINCIAS (PAIS_ID , PROVINCIA_ID , PROVINCIA) VALUES ('GBR','UMB','Cumbria');
INSERT INTO PROVINCIAS (PAIS_ID , PROVINCIA_ID , PROVINCIA) VALUES ('GBR','URR','Surrey');
INSERT INTO PROVINCIAS (PAIS_ID , PROVINCIA_ID , PROVINCIA) VALUES ('GBR','UTL','Rutland');
INSERT INTO PROVINCIAS (PAIS_ID , PROVINCIA_ID , PROVINCIA) VALUES ('GBR','WEN','Gwent');
INSERT INTO PROVINCIAS (PAIS_ID , PROVINCIA_ID , PROVINCIA) VALUES ('GBR','WOR','Worcestershire');
INSERT INTO PROVINCIAS (PAIS_ID , PROVINCIA_ID , PROVINCIA) VALUES ('GBR','WYN','Gwynedd');
INSERT INTO PROVINCIAS (PAIS_ID , PROVINCIA_ID , PROVINCIA) VALUES ('GBR','XON','Oxfordshire');
INSERT INTO PROVINCIAS (PAIS_ID , PROVINCIA_ID , PROVINCIA) VALUES ('GBR','YFE','Dyfed');
INSERT INTO PROVINCIAS (PAIS_ID , PROVINCIA_ID , PROVINCIA) VALUES ('GBR','YOR','West Yorkshire');
INSERT INTO PROVINCIAS (PAIS_ID , PROVINCIA_ID , PROVINCIA) VALUES ('IRL','ALW','Galway');
INSERT INTO PROVINCIAS (PAIS_ID , PROVINCIA_ID , PROVINCIA) VALUES ('IRL','AOI','Laois');
INSERT INTO PROVINCIAS (PAIS_ID , PROVINCIA_ID , PROVINCIA) VALUES ('IRL','ARL','Carlow');
INSERT INTO PROVINCIAS (PAIS_ID , PROVINCIA_ID , PROVINCIA) VALUES ('IRL','AVA','Cavan');
INSERT INTO PROVINCIAS (PAIS_ID , PROVINCIA_ID , PROVINCIA) VALUES ('IRL','AYO','Mayo');
INSERT INTO PROVINCIAS (PAIS_ID , PROVINCIA_ID , PROVINCIA) VALUES ('IRL','CKL','Wicklow');
INSERT INTO PROVINCIAS (PAIS_ID , PROVINCIA_ID , PROVINCIA) VALUES ('IRL','EAT','Meath');
INSERT INTO PROVINCIAS (PAIS_ID , PROVINCIA_ID , PROVINCIA) VALUES ('IRL','ERM','Fermanagh');
INSERT INTO PROVINCIAS (PAIS_ID , PROVINCIA_ID , PROVINCIA) VALUES ('IRL','ERR','Kerry');
INSERT INTO PROVINCIAS (PAIS_ID , PROVINCIA_ID , PROVINCIA) VALUES ('IRL','FFA','Offaly');
INSERT INTO PROVINCIAS (PAIS_ID , PROVINCIA_ID , PROVINCIA) VALUES ('IRL','IMR','Limerick');
INSERT INTO PROVINCIAS (PAIS_ID , PROVINCIA_ID , PROVINCIA) VALUES ('IRL','LAR','Clare');
INSERT INTO PROVINCIAS (PAIS_ID , PROVINCIA_ID , PROVINCIA) VALUES ('IRL','LDA','Kildare');
INSERT INTO PROVINCIAS (PAIS_ID , PROVINCIA_ID , PROVINCIA) VALUES ('IRL','LIG','Sligo');
INSERT INTO PROVINCIAS (PAIS_ID , PROVINCIA_ID , PROVINCIA) VALUES ('IRL','LKE','Kilkenny');
INSERT INTO PROVINCIAS (PAIS_ID , PROVINCIA_ID , PROVINCIA) VALUES ('IRL','NEG','Donegal');
INSERT INTO PROVINCIAS (PAIS_ID , PROVINCIA_ID , PROVINCIA) VALUES ('IRL','NGF','Longford');
INSERT INTO PROVINCIAS (PAIS_ID , PROVINCIA_ID , PROVINCIA) VALUES ('IRL','NTR','Antrim');
INSERT INTO PROVINCIAS (PAIS_ID , PROVINCIA_ID , PROVINCIA) VALUES ('IRL','ONG','Monaghan');
INSERT INTO PROVINCIAS (PAIS_ID , PROVINCIA_ID , PROVINCIA) VALUES ('IRL','ORK','Cork');
INSERT INTO PROVINCIAS (PAIS_ID , PROVINCIA_ID , PROVINCIA) VALUES ('IRL','OSC','Roscommon');
INSERT INTO PROVINCIAS (PAIS_ID , PROVINCIA_ID , PROVINCIA) VALUES ('IRL','OUT','Louth');
INSERT INTO PROVINCIAS (PAIS_ID , PROVINCIA_ID , PROVINCIA) VALUES ('IRL','OWN','Down');
INSERT INTO PROVINCIAS (PAIS_ID , PROVINCIA_ID , PROVINCIA) VALUES ('IRL','PPR','Tipperary');
INSERT INTO PROVINCIAS (PAIS_ID , PROVINCIA_ID , PROVINCIA) VALUES ('IRL','RMA','Armagh');
INSERT INTO PROVINCIAS (PAIS_ID , PROVINCIA_ID , PROVINCIA) VALUES ('IRL','STM','Westmeath');
INSERT INTO PROVINCIAS (PAIS_ID , PROVINCIA_ID , PROVINCIA) VALUES ('IRL','TRF','Waterford');
INSERT INTO PROVINCIAS (PAIS_ID , PROVINCIA_ID , PROVINCIA) VALUES ('IRL','TRI','Leitrim');
INSERT INTO PROVINCIAS (PAIS_ID , PROVINCIA_ID , PROVINCIA) VALUES ('IRL','UBL','Dublin');
INSERT INTO PROVINCIAS (PAIS_ID , PROVINCIA_ID , PROVINCIA) VALUES ('IRL','XFO','Wexford');
INSERT INTO PROVINCIAS (PAIS_ID , PROVINCIA_ID , PROVINCIA) VALUES ('IRL','YRO','Tyrone');
INSERT INTO PROVINCIAS (PAIS_ID , PROVINCIA_ID , PROVINCIA) VALUES ('JPN','01','Hokkaido');
INSERT INTO PROVINCIAS (PAIS_ID , PROVINCIA_ID , PROVINCIA) VALUES ('JPN','02','Aomori-Ken');
INSERT INTO PROVINCIAS (PAIS_ID , PROVINCIA_ID , PROVINCIA) VALUES ('JPN','03','Iwate-Ken');
INSERT INTO PROVINCIAS (PAIS_ID , PROVINCIA_ID , PROVINCIA) VALUES ('JPN','04','Miyagi-Ken');
INSERT INTO PROVINCIAS (PAIS_ID , PROVINCIA_ID , PROVINCIA) VALUES ('JPN','05','Akita-Ken');
INSERT INTO PROVINCIAS (PAIS_ID , PROVINCIA_ID , PROVINCIA) VALUES ('JPN','06','Yamagata-Ken');
INSERT INTO PROVINCIAS (PAIS_ID , PROVINCIA_ID , PROVINCIA) VALUES ('JPN','07','Fukushima-Ken');
INSERT INTO PROVINCIAS (PAIS_ID , PROVINCIA_ID , PROVINCIA) VALUES ('JPN','08','Ibaraki-Ken');
INSERT INTO PROVINCIAS (PAIS_ID , PROVINCIA_ID , PROVINCIA) VALUES ('JPN','09','Tochigi-Ken');
INSERT INTO PROVINCIAS (PAIS_ID , PROVINCIA_ID , PROVINCIA) VALUES ('JPN','10','Gunma-Ken');
INSERT INTO PROVINCIAS (PAIS_ID , PROVINCIA_ID , PROVINCIA) VALUES ('JPN','11','Saitama-Ken');
INSERT INTO PROVINCIAS (PAIS_ID , PROVINCIA_ID , PROVINCIA) VALUES ('JPN','12','Chiba-Ken');
INSERT INTO PROVINCIAS (PAIS_ID , PROVINCIA_ID , PROVINCIA) VALUES ('JPN','13','Tokyo-To');
INSERT INTO PROVINCIAS (PAIS_ID , PROVINCIA_ID , PROVINCIA) VALUES ('JPN','14','Kanagawa-Ken');
INSERT INTO PROVINCIAS (PAIS_ID , PROVINCIA_ID , PROVINCIA) VALUES ('JPN','15','Niigata-Ken');
INSERT INTO PROVINCIAS (PAIS_ID , PROVINCIA_ID , PROVINCIA) VALUES ('JPN','16','Toyama-Ken');
INSERT INTO PROVINCIAS (PAIS_ID , PROVINCIA_ID , PROVINCIA) VALUES ('JPN','17','Ishikawa-Ken');
INSERT INTO PROVINCIAS (PAIS_ID , PROVINCIA_ID , PROVINCIA) VALUES ('JPN','18','Fukui-Ken');
INSERT INTO PROVINCIAS (PAIS_ID , PROVINCIA_ID , PROVINCIA) VALUES ('JPN','19','Yamanashi-Ken');
INSERT INTO PROVINCIAS (PAIS_ID , PROVINCIA_ID , PROVINCIA) VALUES ('JPN','20','Nagano-Ken');
INSERT INTO PROVINCIAS (PAIS_ID , PROVINCIA_ID , PROVINCIA) VALUES ('JPN','21','Gifu-Ken');
INSERT INTO PROVINCIAS (PAIS_ID , PROVINCIA_ID , PROVINCIA) VALUES ('JPN','22','Shizuoka-Ken');
INSERT INTO PROVINCIAS (PAIS_ID , PROVINCIA_ID , PROVINCIA) VALUES ('JPN','23','Aichi-Ken');
INSERT INTO PROVINCIAS (PAIS_ID , PROVINCIA_ID , PROVINCIA) VALUES ('JPN','24','Mie-Ken');
INSERT INTO PROVINCIAS (PAIS_ID , PROVINCIA_ID , PROVINCIA) VALUES ('JPN','25','Shiga-Ken');
INSERT INTO PROVINCIAS (PAIS_ID , PROVINCIA_ID , PROVINCIA) VALUES ('JPN','26','Kyoto-Fu');
INSERT INTO PROVINCIAS (PAIS_ID , PROVINCIA_ID , PROVINCIA) VALUES ('JPN','27','Osaka-Fu');
INSERT INTO PROVINCIAS (PAIS_ID , PROVINCIA_ID , PROVINCIA) VALUES ('JPN','28','Hyogo-Ken');
INSERT INTO PROVINCIAS (PAIS_ID , PROVINCIA_ID , PROVINCIA) VALUES ('JPN','29','Nara-Ken');
INSERT INTO PROVINCIAS (PAIS_ID , PROVINCIA_ID , PROVINCIA) VALUES ('JPN','30','Wakayama-Ken');
INSERT INTO PROVINCIAS (PAIS_ID , PROVINCIA_ID , PROVINCIA) VALUES ('JPN','31','Tottori-Ken');
INSERT INTO PROVINCIAS (PAIS_ID , PROVINCIA_ID , PROVINCIA) VALUES ('JPN','32','Shimane-Ken');
INSERT INTO PROVINCIAS (PAIS_ID , PROVINCIA_ID , PROVINCIA) VALUES ('JPN','33','Okayama-Ken');
INSERT INTO PROVINCIAS (PAIS_ID , PROVINCIA_ID , PROVINCIA) VALUES ('JPN','34','Hiroshima-Ken');
INSERT INTO PROVINCIAS (PAIS_ID , PROVINCIA_ID , PROVINCIA) VALUES ('JPN','35','Yamaguchi-Ken');
INSERT INTO PROVINCIAS (PAIS_ID , PROVINCIA_ID , PROVINCIA) VALUES ('JPN','36','Tokushima-Ken');
INSERT INTO PROVINCIAS (PAIS_ID , PROVINCIA_ID , PROVINCIA) VALUES ('JPN','37','Kagawa-Ken');
INSERT INTO PROVINCIAS (PAIS_ID , PROVINCIA_ID , PROVINCIA) VALUES ('JPN','38','Ehime-Ken');
INSERT INTO PROVINCIAS (PAIS_ID , PROVINCIA_ID , PROVINCIA) VALUES ('JPN','39','Kochi-Ken');
INSERT INTO PROVINCIAS (PAIS_ID , PROVINCIA_ID , PROVINCIA) VALUES ('JPN','40','Fukuoka-Ken');
INSERT INTO PROVINCIAS (PAIS_ID , PROVINCIA_ID , PROVINCIA) VALUES ('JPN','41','Saga-Ken');
INSERT INTO PROVINCIAS (PAIS_ID , PROVINCIA_ID , PROVINCIA) VALUES ('JPN','42','Nagasaki-Ken');
INSERT INTO PROVINCIAS (PAIS_ID , PROVINCIA_ID , PROVINCIA) VALUES ('JPN','43','Kumamoto-Ken');
INSERT INTO PROVINCIAS (PAIS_ID , PROVINCIA_ID , PROVINCIA) VALUES ('JPN','44','Oita-Ken');
INSERT INTO PROVINCIAS (PAIS_ID , PROVINCIA_ID , PROVINCIA) VALUES ('JPN','45','Miyazaki-Ken');
INSERT INTO PROVINCIAS (PAIS_ID , PROVINCIA_ID , PROVINCIA) VALUES ('JPN','46','Kagoshima-Ken');
INSERT INTO PROVINCIAS (PAIS_ID , PROVINCIA_ID , PROVINCIA) VALUES ('JPN','47','Okinawa-Ken');
INSERT INTO PROVINCIAS (PAIS_ID , PROVINCIA_ID , PROVINCIA) VALUES ('MEX','DF','Distrito Federal');
INSERT INTO PROVINCIAS (PAIS_ID , PROVINCIA_ID , PROVINCIA) VALUES ('MEX','NL','Nuevo León');
INSERT INTO PROVINCIAS (PAIS_ID , PROVINCIA_ID , PROVINCIA) VALUES ('MEX','AGS','Aguascalientes');
INSERT INTO PROVINCIAS (PAIS_ID , PROVINCIA_ID , PROVINCIA) VALUES ('MEX','AMP','Tamaulipas');
INSERT INTO PROVINCIAS (PAIS_ID , PROVINCIA_ID , PROVINCIA) VALUES ('MEX','BCN','Baja California Norte');
INSERT INTO PROVINCIAS (PAIS_ID , PROVINCIA_ID , PROVINCIA) VALUES ('MEX','BCS','Baja California Sur');
INSERT INTO PROVINCIAS (PAIS_ID , PROVINCIA_ID , PROVINCIA) VALUES ('MEX','DGO','Durango');
INSERT INTO PROVINCIAS (PAIS_ID , PROVINCIA_ID , PROVINCIA) VALUES ('MEX','GRO','Guerrero');
INSERT INTO PROVINCIAS (PAIS_ID , PROVINCIA_ID , PROVINCIA) VALUES ('MEX','GTO','Guanajuato');
INSERT INTO PROVINCIAS (PAIS_ID , PROVINCIA_ID , PROVINCIA) VALUES ('MEX','HGO','Hidalgo');
INSERT INTO PROVINCIAS (PAIS_ID , PROVINCIA_ID , PROVINCIA) VALUES ('MEX','HIH','Chihuahua');
INSERT INTO PROVINCIAS (PAIS_ID , PROVINCIA_ID , PROVINCIA) VALUES ('MEX','HPS','Chiapas');
INSERT INTO PROVINCIAS (PAIS_ID , PROVINCIA_ID , PROVINCIA) VALUES ('MEX','ICH','Michoacán');
INSERT INTO PROVINCIAS (PAIS_ID , PROVINCIA_ID , PROVINCIA) VALUES ('MEX','JAL','Jalisco');
INSERT INTO PROVINCIAS (PAIS_ID , PROVINCIA_ID , PROVINCIA) VALUES ('MEX','LAX','Tlaxcala');
INSERT INTO PROVINCIAS (PAIS_ID , PROVINCIA_ID , PROVINCIA) VALUES ('MEX','MEX','Estado de México');
INSERT INTO PROVINCIAS (PAIS_ID , PROVINCIA_ID , PROVINCIA) VALUES ('MEX','MOR','Morelos');
INSERT INTO PROVINCIAS (PAIS_ID , PROVINCIA_ID , PROVINCIA) VALUES ('MEX','NAY','Nayarit');
INSERT INTO PROVINCIAS (PAIS_ID , PROVINCIA_ID , PROVINCIA) VALUES ('MEX','OAH','Coahuila');
INSERT INTO PROVINCIAS (PAIS_ID , PROVINCIA_ID , PROVINCIA) VALUES ('MEX','OAX','Oaxaca');
INSERT INTO PROVINCIAS (PAIS_ID , PROVINCIA_ID , PROVINCIA) VALUES ('MEX','OLI','Colima');
INSERT INTO PROVINCIAS (PAIS_ID , PROVINCIA_ID , PROVINCIA) VALUES ('MEX','PUE','Puebla');
INSERT INTO PROVINCIAS (PAIS_ID , PROVINCIA_ID , PROVINCIA) VALUES ('MEX','QRO','Queretaro');
INSERT INTO PROVINCIAS (PAIS_ID , PROVINCIA_ID , PROVINCIA) VALUES ('MEX','ROO','Quintana Roo');
INSERT INTO PROVINCIAS (PAIS_ID , PROVINCIA_ID , PROVINCIA) VALUES ('MEX','SIN','Sinaloa');
INSERT INTO PROVINCIAS (PAIS_ID , PROVINCIA_ID , PROVINCIA) VALUES ('MEX','SLP','San Luis Potos');
INSERT INTO PROVINCIAS (PAIS_ID , PROVINCIA_ID , PROVINCIA) VALUES ('MEX','SON','Sonora');
INSERT INTO PROVINCIAS (PAIS_ID , PROVINCIA_ID , PROVINCIA) VALUES ('MEX','TAB','Tabasco');
INSERT INTO PROVINCIAS (PAIS_ID , PROVINCIA_ID , PROVINCIA) VALUES ('MEX','VER','Veracruz');
INSERT INTO PROVINCIAS (PAIS_ID , PROVINCIA_ID , PROVINCIA) VALUES ('MEX','YUC','Yucatán');
INSERT INTO PROVINCIAS (PAIS_ID , PROVINCIA_ID , PROVINCIA) VALUES ('MEX','ZAC','Zacatecas');
INSERT INTO PROVINCIAS (PAIS_ID , PROVINCIA_ID , PROVINCIA) VALUES ('NLD','003','Appingedam');
INSERT INTO PROVINCIAS (PAIS_ID , PROVINCIA_ID , PROVINCIA) VALUES ('NLD','005','Bedum');
INSERT INTO PROVINCIAS (PAIS_ID , PROVINCIA_ID , PROVINCIA) VALUES ('NLD','007','Bellingwedde');
INSERT INTO PROVINCIAS (PAIS_ID , PROVINCIA_ID , PROVINCIA) VALUES ('NLD','009','Ten Boer');
INSERT INTO PROVINCIAS (PAIS_ID , PROVINCIA_ID , PROVINCIA) VALUES ('NLD','010','Delfzijl');
INSERT INTO PROVINCIAS (PAIS_ID , PROVINCIA_ID , PROVINCIA) VALUES ('NLD','014','Groningen');
INSERT INTO PROVINCIAS (PAIS_ID , PROVINCIA_ID , PROVINCIA) VALUES ('NLD','015','Grootegast');
INSERT INTO PROVINCIAS (PAIS_ID , PROVINCIA_ID , PROVINCIA) VALUES ('NLD','017','Haren (Gr.)');
INSERT INTO PROVINCIAS (PAIS_ID , PROVINCIA_ID , PROVINCIA) VALUES ('NLD','018','Hoogezand-Sappemeer');
INSERT INTO PROVINCIAS (PAIS_ID , PROVINCIA_ID , PROVINCIA) VALUES ('NLD','022','Leek');
INSERT INTO PROVINCIAS (PAIS_ID , PROVINCIA_ID , PROVINCIA) VALUES ('NLD','024','Loppersum');
INSERT INTO PROVINCIAS (PAIS_ID , PROVINCIA_ID , PROVINCIA) VALUES ('NLD','025','Marum');
INSERT INTO PROVINCIAS (PAIS_ID , PROVINCIA_ID , PROVINCIA) VALUES ('NLD','034','Almere');
INSERT INTO PROVINCIAS (PAIS_ID , PROVINCIA_ID , PROVINCIA) VALUES ('NLD','037','Stadskanaal');
INSERT INTO PROVINCIAS (PAIS_ID , PROVINCIA_ID , PROVINCIA) VALUES ('NLD','039','Scheemda');
INSERT INTO PROVINCIAS (PAIS_ID , PROVINCIA_ID , PROVINCIA) VALUES ('NLD','040','Slochteren');
INSERT INTO PROVINCIAS (PAIS_ID , PROVINCIA_ID , PROVINCIA) VALUES ('NLD','047','Veendam');
INSERT INTO PROVINCIAS (PAIS_ID , PROVINCIA_ID , PROVINCIA) VALUES ('NLD','048','Vlagtwedde');
INSERT INTO PROVINCIAS (PAIS_ID , PROVINCIA_ID , PROVINCIA) VALUES ('NLD','050','Zeewolde');
INSERT INTO PROVINCIAS (PAIS_ID , PROVINCIA_ID , PROVINCIA) VALUES ('NLD','051','Skarsterlan');
INSERT INTO PROVINCIAS (PAIS_ID , PROVINCIA_ID , PROVINCIA) VALUES ('NLD','052','Winschoten');
INSERT INTO PROVINCIAS (PAIS_ID , PROVINCIA_ID , PROVINCIA) VALUES ('NLD','053','Winsum');
INSERT INTO PROVINCIAS (PAIS_ID , PROVINCIA_ID , PROVINCIA) VALUES ('NLD','055','Boarnsterhim');
INSERT INTO PROVINCIAS (PAIS_ID , PROVINCIA_ID , PROVINCIA) VALUES ('NLD','056','Zuidhorn');
INSERT INTO PROVINCIAS (PAIS_ID , PROVINCIA_ID , PROVINCIA) VALUES ('NLD','058','Dongeradeel');
INSERT INTO PROVINCIAS (PAIS_ID , PROVINCIA_ID , PROVINCIA) VALUES ('NLD','059','Achtkarspelen');
INSERT INTO PROVINCIAS (PAIS_ID , PROVINCIA_ID , PROVINCIA) VALUES ('NLD','060','Ameland');
INSERT INTO PROVINCIAS (PAIS_ID , PROVINCIA_ID , PROVINCIA) VALUES ('NLD','063','Het Bildt');
INSERT INTO PROVINCIAS (PAIS_ID , PROVINCIA_ID , PROVINCIA) VALUES ('NLD','064','Bolsward');
INSERT INTO PROVINCIAS (PAIS_ID , PROVINCIA_ID , PROVINCIA) VALUES ('NLD','065','Dantumadeel');
INSERT INTO PROVINCIAS (PAIS_ID , PROVINCIA_ID , PROVINCIA) VALUES ('NLD','068','Ferwerderadeel');
INSERT INTO PROVINCIAS (PAIS_ID , PROVINCIA_ID , PROVINCIA) VALUES ('NLD','070','Franekeradeel');
INSERT INTO PROVINCIAS (PAIS_ID , PROVINCIA_ID , PROVINCIA) VALUES ('NLD','072','Harlingen');
INSERT INTO PROVINCIAS (PAIS_ID , PROVINCIA_ID , PROVINCIA) VALUES ('NLD','074','Heerenveen');
INSERT INTO PROVINCIAS (PAIS_ID , PROVINCIA_ID , PROVINCIA) VALUES ('NLD','079','Kollumerland C.A.');
INSERT INTO PROVINCIAS (PAIS_ID , PROVINCIA_ID , PROVINCIA) VALUES ('NLD','080','Leeuwarden');
INSERT INTO PROVINCIAS (PAIS_ID , PROVINCIA_ID , PROVINCIA) VALUES ('NLD','081','Leeuwarderadeel');
INSERT INTO PROVINCIAS (PAIS_ID , PROVINCIA_ID , PROVINCIA) VALUES ('NLD','082','Lemsterland');
INSERT INTO PROVINCIAS (PAIS_ID , PROVINCIA_ID , PROVINCIA) VALUES ('NLD','083','Menaldumadeel');
INSERT INTO PROVINCIAS (PAIS_ID , PROVINCIA_ID , PROVINCIA) VALUES ('NLD','085','Ooststellingwerf');
INSERT INTO PROVINCIAS (PAIS_ID , PROVINCIA_ID , PROVINCIA) VALUES ('NLD','086','Opsterland');
INSERT INTO PROVINCIAS (PAIS_ID , PROVINCIA_ID , PROVINCIA) VALUES ('NLD','088','Schiermonnikoog');
INSERT INTO PROVINCIAS (PAIS_ID , PROVINCIA_ID , PROVINCIA) VALUES ('NLD','090','Smallingerland');
INSERT INTO PROVINCIAS (PAIS_ID , PROVINCIA_ID , PROVINCIA) VALUES ('NLD','091','Sneek');
INSERT INTO PROVINCIAS (PAIS_ID , PROVINCIA_ID , PROVINCIA) VALUES ('NLD','093','Terschelling');
INSERT INTO PROVINCIAS (PAIS_ID , PROVINCIA_ID , PROVINCIA) VALUES ('NLD','096','Vlieland');
INSERT INTO PROVINCIAS (PAIS_ID , PROVINCIA_ID , PROVINCIA) VALUES ('NLD','098','Weststellingwerf');
INSERT INTO PROVINCIAS (PAIS_ID , PROVINCIA_ID , PROVINCIA) VALUES ('NLD','104','Nijefurd');
INSERT INTO PROVINCIAS (PAIS_ID , PROVINCIA_ID , PROVINCIA) VALUES ('NLD','105','Anloo');
INSERT INTO PROVINCIAS (PAIS_ID , PROVINCIA_ID , PROVINCIA) VALUES ('NLD','106','Assen');
INSERT INTO PROVINCIAS (PAIS_ID , PROVINCIA_ID , PROVINCIA) VALUES ('NLD','107','Beilen');
INSERT INTO PROVINCIAS (PAIS_ID , PROVINCIA_ID , PROVINCIA) VALUES ('NLD','108','Borger');
INSERT INTO PROVINCIAS (PAIS_ID , PROVINCIA_ID , PROVINCIA) VALUES ('NLD','109','Coevorden');
INSERT INTO PROVINCIAS (PAIS_ID , PROVINCIA_ID , PROVINCIA) VALUES ('NLD','110','Dalen');
INSERT INTO PROVINCIAS (PAIS_ID , PROVINCIA_ID , PROVINCIA) VALUES ('NLD','111','Diever');
INSERT INTO PROVINCIAS (PAIS_ID , PROVINCIA_ID , PROVINCIA) VALUES ('NLD','112','Dwingeloo');
INSERT INTO PROVINCIAS (PAIS_ID , PROVINCIA_ID , PROVINCIA) VALUES ('NLD','113','Eelde');
INSERT INTO PROVINCIAS (PAIS_ID , PROVINCIA_ID , PROVINCIA) VALUES ('NLD','114','Emmen');
INSERT INTO PROVINCIAS (PAIS_ID , PROVINCIA_ID , PROVINCIA) VALUES ('NLD','115','Gasselte');
INSERT INTO PROVINCIAS (PAIS_ID , PROVINCIA_ID , PROVINCIA) VALUES ('NLD','116','Gieten');
INSERT INTO PROVINCIAS (PAIS_ID , PROVINCIA_ID , PROVINCIA) VALUES ('NLD','117','Havelte');
INSERT INTO PROVINCIAS (PAIS_ID , PROVINCIA_ID , PROVINCIA) VALUES ('NLD','118','Hoogeveen');
INSERT INTO PROVINCIAS (PAIS_ID , PROVINCIA_ID , PROVINCIA) VALUES ('NLD','119','Meppel');
INSERT INTO PROVINCIAS (PAIS_ID , PROVINCIA_ID , PROVINCIA) VALUES ('NLD','120','Norg');
INSERT INTO PROVINCIAS (PAIS_ID , PROVINCIA_ID , PROVINCIA) VALUES ('NLD','121','Nijeveen');
INSERT INTO PROVINCIAS (PAIS_ID , PROVINCIA_ID , PROVINCIA) VALUES ('NLD','122','Odoorn');
INSERT INTO PROVINCIAS (PAIS_ID , PROVINCIA_ID , PROVINCIA) VALUES ('NLD','123','Oosterhesselen');
INSERT INTO PROVINCIAS (PAIS_ID , PROVINCIA_ID , PROVINCIA) VALUES ('NLD','124','Peize');
INSERT INTO PROVINCIAS (PAIS_ID , PROVINCIA_ID , PROVINCIA) VALUES ('NLD','125','Roden');
INSERT INTO PROVINCIAS (PAIS_ID , PROVINCIA_ID , PROVINCIA) VALUES ('NLD','126','Rolde');
INSERT INTO PROVINCIAS (PAIS_ID , PROVINCIA_ID , PROVINCIA) VALUES ('NLD','127','Ruinen');
INSERT INTO PROVINCIAS (PAIS_ID , PROVINCIA_ID , PROVINCIA) VALUES ('NLD','128','Ruinerwold');
INSERT INTO PROVINCIAS (PAIS_ID , PROVINCIA_ID , PROVINCIA) VALUES ('NLD','129','Schoonebeek');
INSERT INTO PROVINCIAS (PAIS_ID , PROVINCIA_ID , PROVINCIA) VALUES ('NLD','130','Sleen');
INSERT INTO PROVINCIAS (PAIS_ID , PROVINCIA_ID , PROVINCIA) VALUES ('NLD','131','Smilde');
INSERT INTO PROVINCIAS (PAIS_ID , PROVINCIA_ID , PROVINCIA) VALUES ('NLD','132','Vledder');
INSERT INTO PROVINCIAS (PAIS_ID , PROVINCIA_ID , PROVINCIA) VALUES ('NLD','133','Vries');
INSERT INTO PROVINCIAS (PAIS_ID , PROVINCIA_ID , PROVINCIA) VALUES ('NLD','134','Westerbork');
INSERT INTO PROVINCIAS (PAIS_ID , PROVINCIA_ID , PROVINCIA) VALUES ('NLD','135','De Wijk');
INSERT INTO PROVINCIAS (PAIS_ID , PROVINCIA_ID , PROVINCIA) VALUES ('NLD','136','Zuidlaren');
INSERT INTO PROVINCIAS (PAIS_ID , PROVINCIA_ID , PROVINCIA) VALUES ('NLD','137','Zuidwolde');
INSERT INTO PROVINCIAS (PAIS_ID , PROVINCIA_ID , PROVINCIA) VALUES ('NLD','138','Zweeloo');
INSERT INTO PROVINCIAS (PAIS_ID , PROVINCIA_ID , PROVINCIA) VALUES ('NLD','140','Littenseradiel');
INSERT INTO PROVINCIAS (PAIS_ID , PROVINCIA_ID , PROVINCIA) VALUES ('NLD','141','Almelo');
INSERT INTO PROVINCIAS (PAIS_ID , PROVINCIA_ID , PROVINCIA) VALUES ('NLD','142','Ambt Delden');
INSERT INTO PROVINCIAS (PAIS_ID , PROVINCIA_ID , PROVINCIA) VALUES ('NLD','143','Avereest');
INSERT INTO PROVINCIAS (PAIS_ID , PROVINCIA_ID , PROVINCIA) VALUES ('NLD','144','Bathmen');
INSERT INTO PROVINCIAS (PAIS_ID , PROVINCIA_ID , PROVINCIA) VALUES ('NLD','147','Borne');
INSERT INTO PROVINCIAS (PAIS_ID , PROVINCIA_ID , PROVINCIA) VALUES ('NLD','148','Dalfsen');
INSERT INTO PROVINCIAS (PAIS_ID , PROVINCIA_ID , PROVINCIA) VALUES ('NLD','149','Denekamp');
INSERT INTO PROVINCIAS (PAIS_ID , PROVINCIA_ID , PROVINCIA) VALUES ('NLD','150','Deventer');
INSERT INTO PROVINCIAS (PAIS_ID , PROVINCIA_ID , PROVINCIA) VALUES ('NLD','151','Diepenheim');
INSERT INTO PROVINCIAS (PAIS_ID , PROVINCIA_ID , PROVINCIA) VALUES ('NLD','152','Diepenveen');
INSERT INTO PROVINCIAS (PAIS_ID , PROVINCIA_ID , PROVINCIA) VALUES ('NLD','153','Enschede');
INSERT INTO PROVINCIAS (PAIS_ID , PROVINCIA_ID , PROVINCIA) VALUES ('NLD','154','Genemuiden');
INSERT INTO PROVINCIAS (PAIS_ID , PROVINCIA_ID , PROVINCIA) VALUES ('NLD','156','Goor');
INSERT INTO PROVINCIAS (PAIS_ID , PROVINCIA_ID , PROVINCIA) VALUES ('NLD','157','Gramsbergen');
INSERT INTO PROVINCIAS (PAIS_ID , PROVINCIA_ID , PROVINCIA) VALUES ('NLD','158','Haaksbergen');
INSERT INTO PROVINCIAS (PAIS_ID , PROVINCIA_ID , PROVINCIA) VALUES ('NLD','159','Den Ham');
INSERT INTO PROVINCIAS (PAIS_ID , PROVINCIA_ID , PROVINCIA) VALUES ('NLD','160','Hardenberg');
INSERT INTO PROVINCIAS (PAIS_ID , PROVINCIA_ID , PROVINCIA) VALUES ('NLD','161','Hasselt');
INSERT INTO PROVINCIAS (PAIS_ID , PROVINCIA_ID , PROVINCIA) VALUES ('NLD','162','Heino');
INSERT INTO PROVINCIAS (PAIS_ID , PROVINCIA_ID , PROVINCIA) VALUES ('NLD','163','Hellendoorn');
INSERT INTO PROVINCIAS (PAIS_ID , PROVINCIA_ID , PROVINCIA) VALUES ('NLD','164','Hengelo (Ov)');
INSERT INTO PROVINCIAS (PAIS_ID , PROVINCIA_ID , PROVINCIA) VALUES ('NLD','165','Holten');
INSERT INTO PROVINCIAS (PAIS_ID , PROVINCIA_ID , PROVINCIA) VALUES ('NLD','166','Kampen');
INSERT INTO PROVINCIAS (PAIS_ID , PROVINCIA_ID , PROVINCIA) VALUES ('NLD','168','Losser');
INSERT INTO PROVINCIAS (PAIS_ID , PROVINCIA_ID , PROVINCIA) VALUES ('NLD','169','Markelo');
INSERT INTO PROVINCIAS (PAIS_ID , PROVINCIA_ID , PROVINCIA) VALUES ('NLD','170','Nieuwleusen');
INSERT INTO PROVINCIAS (PAIS_ID , PROVINCIA_ID , PROVINCIA) VALUES ('NLD','171','Noordoostpolder');
INSERT INTO PROVINCIAS (PAIS_ID , PROVINCIA_ID , PROVINCIA) VALUES ('NLD','173','Oldenzaal');
INSERT INTO PROVINCIAS (PAIS_ID , PROVINCIA_ID , PROVINCIA) VALUES ('NLD','174','Olst');
INSERT INTO PROVINCIAS (PAIS_ID , PROVINCIA_ID , PROVINCIA) VALUES ('NLD','175','Ommen');
INSERT INTO PROVINCIAS (PAIS_ID , PROVINCIA_ID , PROVINCIA) VALUES ('NLD','176','Ootmarsum');
INSERT INTO PROVINCIAS (PAIS_ID , PROVINCIA_ID , PROVINCIA) VALUES ('NLD','177','Raalte');
INSERT INTO PROVINCIAS (PAIS_ID , PROVINCIA_ID , PROVINCIA) VALUES ('NLD','178','Rijssen');
INSERT INTO PROVINCIAS (PAIS_ID , PROVINCIA_ID , PROVINCIA) VALUES ('NLD','179','Stad Delden');
INSERT INTO PROVINCIAS (PAIS_ID , PROVINCIA_ID , PROVINCIA) VALUES ('NLD','180','Staphorst');
INSERT INTO PROVINCIAS (PAIS_ID , PROVINCIA_ID , PROVINCIA) VALUES ('NLD','181','Steenwijk');
INSERT INTO PROVINCIAS (PAIS_ID , PROVINCIA_ID , PROVINCIA) VALUES ('NLD','183','Tubbergen');
INSERT INTO PROVINCIAS (PAIS_ID , PROVINCIA_ID , PROVINCIA) VALUES ('NLD','184','Urk');
INSERT INTO PROVINCIAS (PAIS_ID , PROVINCIA_ID , PROVINCIA) VALUES ('NLD','186','Vriezenveen');
INSERT INTO PROVINCIAS (PAIS_ID , PROVINCIA_ID , PROVINCIA) VALUES ('NLD','188','Weerselo');
INSERT INTO PROVINCIAS (PAIS_ID , PROVINCIA_ID , PROVINCIA) VALUES ('NLD','189','Wierden');
INSERT INTO PROVINCIAS (PAIS_ID , PROVINCIA_ID , PROVINCIA) VALUES ('NLD','190','Wijhe');
INSERT INTO PROVINCIAS (PAIS_ID , PROVINCIA_ID , PROVINCIA) VALUES ('NLD','191','Ijsselmuiden');
INSERT INTO PROVINCIAS (PAIS_ID , PROVINCIA_ID , PROVINCIA) VALUES ('NLD','192','Zwartsluis');
INSERT INTO PROVINCIAS (PAIS_ID , PROVINCIA_ID , PROVINCIA) VALUES ('NLD','193','Zwolle');
INSERT INTO PROVINCIAS (PAIS_ID , PROVINCIA_ID , PROVINCIA) VALUES ('NLD','194','Brederwiede');
INSERT INTO PROVINCIAS (PAIS_ID , PROVINCIA_ID , PROVINCIA) VALUES ('NLD','195','Ijsselham');
INSERT INTO PROVINCIAS (PAIS_ID , PROVINCIA_ID , PROVINCIA) VALUES ('NLD','196','Rijnwaarden');
INSERT INTO PROVINCIAS (PAIS_ID , PROVINCIA_ID , PROVINCIA) VALUES ('NLD','197','Aalten');
INSERT INTO PROVINCIAS (PAIS_ID , PROVINCIA_ID , PROVINCIA) VALUES ('NLD','198','Ammerzoden');
INSERT INTO PROVINCIAS (PAIS_ID , PROVINCIA_ID , PROVINCIA) VALUES ('NLD','199','Angerlo');
INSERT INTO PROVINCIAS (PAIS_ID , PROVINCIA_ID , PROVINCIA) VALUES ('NLD','200','Apeldoorn');
INSERT INTO PROVINCIAS (PAIS_ID , PROVINCIA_ID , PROVINCIA) VALUES ('NLD','202','Arnhem');
INSERT INTO PROVINCIAS (PAIS_ID , PROVINCIA_ID , PROVINCIA) VALUES ('NLD','203','Barneveld');
INSERT INTO PROVINCIAS (PAIS_ID , PROVINCIA_ID , PROVINCIA) VALUES ('NLD','206','Bemmel');
INSERT INTO PROVINCIAS (PAIS_ID , PROVINCIA_ID , PROVINCIA) VALUES ('NLD','207','Bergh');
INSERT INTO PROVINCIAS (PAIS_ID , PROVINCIA_ID , PROVINCIA) VALUES ('NLD','209','Beuningen');
INSERT INTO PROVINCIAS (PAIS_ID , PROVINCIA_ID , PROVINCIA) VALUES ('NLD','211','Borculo');
INSERT INTO PROVINCIAS (PAIS_ID , PROVINCIA_ID , PROVINCIA) VALUES ('NLD','212','Brakel');
INSERT INTO PROVINCIAS (PAIS_ID , PROVINCIA_ID , PROVINCIA) VALUES ('NLD','213','Brummen');
INSERT INTO PROVINCIAS (PAIS_ID , PROVINCIA_ID , PROVINCIA) VALUES ('NLD','214','Buren');
INSERT INTO PROVINCIAS (PAIS_ID , PROVINCIA_ID , PROVINCIA) VALUES ('NLD','216','Culemborg');
INSERT INTO PROVINCIAS (PAIS_ID , PROVINCIA_ID , PROVINCIA) VALUES ('NLD','218','Didam');
INSERT INTO PROVINCIAS (PAIS_ID , PROVINCIA_ID , PROVINCIA) VALUES ('NLD','219','Dinxperlo');
INSERT INTO PROVINCIAS (PAIS_ID , PROVINCIA_ID , PROVINCIA) VALUES ('NLD','220','Dodewaard');
INSERT INTO PROVINCIAS (PAIS_ID , PROVINCIA_ID , PROVINCIA) VALUES ('NLD','221','Doesburg');
INSERT INTO PROVINCIAS (PAIS_ID , PROVINCIA_ID , PROVINCIA) VALUES ('NLD','222','Doetinchem');
INSERT INTO PROVINCIAS (PAIS_ID , PROVINCIA_ID , PROVINCIA) VALUES ('NLD','225','Druten');
INSERT INTO PROVINCIAS (PAIS_ID , PROVINCIA_ID , PROVINCIA) VALUES ('NLD','226','Duiven');
INSERT INTO PROVINCIAS (PAIS_ID , PROVINCIA_ID , PROVINCIA) VALUES ('NLD','227','Echteld');
INSERT INTO PROVINCIAS (PAIS_ID , PROVINCIA_ID , PROVINCIA) VALUES ('NLD','228','Ede');
INSERT INTO PROVINCIAS (PAIS_ID , PROVINCIA_ID , PROVINCIA) VALUES ('NLD','229','Eibergen');
INSERT INTO PROVINCIAS (PAIS_ID , PROVINCIA_ID , PROVINCIA) VALUES ('NLD','230','Elburg');
INSERT INTO PROVINCIAS (PAIS_ID , PROVINCIA_ID , PROVINCIA) VALUES ('NLD','231','Elst');
INSERT INTO PROVINCIAS (PAIS_ID , PROVINCIA_ID , PROVINCIA) VALUES ('NLD','232','Epe');
INSERT INTO PROVINCIAS (PAIS_ID , PROVINCIA_ID , PROVINCIA) VALUES ('NLD','233','Ermelo');
INSERT INTO PROVINCIAS (PAIS_ID , PROVINCIA_ID , PROVINCIA) VALUES ('NLD','236','Geldermalsen');
INSERT INTO PROVINCIAS (PAIS_ID , PROVINCIA_ID , PROVINCIA) VALUES ('NLD','237','Gendringen');
INSERT INTO PROVINCIAS (PAIS_ID , PROVINCIA_ID , PROVINCIA) VALUES ('NLD','238','Gendt');
INSERT INTO PROVINCIAS (PAIS_ID , PROVINCIA_ID , PROVINCIA) VALUES ('NLD','239','Gorssel');
INSERT INTO PROVINCIAS (PAIS_ID , PROVINCIA_ID , PROVINCIA) VALUES ('NLD','240','Groenlo');
INSERT INTO PROVINCIAS (PAIS_ID , PROVINCIA_ID , PROVINCIA) VALUES ('NLD','241','Groesbeek');
INSERT INTO PROVINCIAS (PAIS_ID , PROVINCIA_ID , PROVINCIA) VALUES ('NLD','243','Harderwijk');
INSERT INTO PROVINCIAS (PAIS_ID , PROVINCIA_ID , PROVINCIA) VALUES ('NLD','244','Hattem');
INSERT INTO PROVINCIAS (PAIS_ID , PROVINCIA_ID , PROVINCIA) VALUES ('NLD','245','Hedel');
INSERT INTO PROVINCIAS (PAIS_ID , PROVINCIA_ID , PROVINCIA) VALUES ('NLD','246','Heerde');
INSERT INTO PROVINCIAS (PAIS_ID , PROVINCIA_ID , PROVINCIA) VALUES ('NLD','247','Heerewaarden');
INSERT INTO PROVINCIAS (PAIS_ID , PROVINCIA_ID , PROVINCIA) VALUES ('NLD','248','Hengelo (Gld)');
INSERT INTO PROVINCIAS (PAIS_ID , PROVINCIA_ID , PROVINCIA) VALUES ('NLD','251','Heteren');
INSERT INTO PROVINCIAS (PAIS_ID , PROVINCIA_ID , PROVINCIA) VALUES ('NLD','252','Heumen');
INSERT INTO PROVINCIAS (PAIS_ID , PROVINCIA_ID , PROVINCIA) VALUES ('NLD','253','Hoevelaken');
INSERT INTO PROVINCIAS (PAIS_ID , PROVINCIA_ID , PROVINCIA) VALUES ('NLD','255','Huissen');
INSERT INTO PROVINCIAS (PAIS_ID , PROVINCIA_ID , PROVINCIA) VALUES ('NLD','256','Hummelo En Keppel');
INSERT INTO PROVINCIAS (PAIS_ID , PROVINCIA_ID , PROVINCIA) VALUES ('NLD','257','Kerkwijk');
INSERT INTO PROVINCIAS (PAIS_ID , PROVINCIA_ID , PROVINCIA) VALUES ('NLD','258','Kesteren');
INSERT INTO PROVINCIAS (PAIS_ID , PROVINCIA_ID , PROVINCIA) VALUES ('NLD','260','Lichtenvoorde');
INSERT INTO PROVINCIAS (PAIS_ID , PROVINCIA_ID , PROVINCIA) VALUES ('NLD','261','Lienden');
INSERT INTO PROVINCIAS (PAIS_ID , PROVINCIA_ID , PROVINCIA) VALUES ('NLD','262','Lochem');
INSERT INTO PROVINCIAS (PAIS_ID , PROVINCIA_ID , PROVINCIA) VALUES ('NLD','263','Maasdriel');
INSERT INTO PROVINCIAS (PAIS_ID , PROVINCIA_ID , PROVINCIA) VALUES ('NLD','264','Maurik');
INSERT INTO PROVINCIAS (PAIS_ID , PROVINCIA_ID , PROVINCIA) VALUES ('NLD','265','Millingen Aan De Rijn');
INSERT INTO PROVINCIAS (PAIS_ID , PROVINCIA_ID , PROVINCIA) VALUES ('NLD','266','Neede');
INSERT INTO PROVINCIAS (PAIS_ID , PROVINCIA_ID , PROVINCIA) VALUES ('NLD','267','Nijkerk');
INSERT INTO PROVINCIAS (PAIS_ID , PROVINCIA_ID , PROVINCIA) VALUES ('NLD','268','Nijmegen');
INSERT INTO PROVINCIAS (PAIS_ID , PROVINCIA_ID , PROVINCIA) VALUES ('NLD','269','Oldebroek');
INSERT INTO PROVINCIAS (PAIS_ID , PROVINCIA_ID , PROVINCIA) VALUES ('NLD','273','Putten');
INSERT INTO PROVINCIAS (PAIS_ID , PROVINCIA_ID , PROVINCIA) VALUES ('NLD','274','Renkum');
INSERT INTO PROVINCIAS (PAIS_ID , PROVINCIA_ID , PROVINCIA) VALUES ('NLD','275','Rheden');
INSERT INTO PROVINCIAS (PAIS_ID , PROVINCIA_ID , PROVINCIA) VALUES ('NLD','276','Rossum');
INSERT INTO PROVINCIAS (PAIS_ID , PROVINCIA_ID , PROVINCIA) VALUES ('NLD','277','Rozendaal');
INSERT INTO PROVINCIAS (PAIS_ID , PROVINCIA_ID , PROVINCIA) VALUES ('NLD','278','Ruurlo');
INSERT INTO PROVINCIAS (PAIS_ID , PROVINCIA_ID , PROVINCIA) VALUES ('NLD','279','Scherpenzeel');
INSERT INTO PROVINCIAS (PAIS_ID , PROVINCIA_ID , PROVINCIA) VALUES ('NLD','280','Steenderen');
INSERT INTO PROVINCIAS (PAIS_ID , PROVINCIA_ID , PROVINCIA) VALUES ('NLD','281','Tiel');
INSERT INTO PROVINCIAS (PAIS_ID , PROVINCIA_ID , PROVINCIA) VALUES ('NLD','282','Ubbergen');
INSERT INTO PROVINCIAS (PAIS_ID , PROVINCIA_ID , PROVINCIA) VALUES ('NLD','283','Valburg');
INSERT INTO PROVINCIAS (PAIS_ID , PROVINCIA_ID , PROVINCIA) VALUES ('NLD','285','Voorst');
INSERT INTO PROVINCIAS (PAIS_ID , PROVINCIA_ID , PROVINCIA) VALUES ('NLD','286','Vorden');
INSERT INTO PROVINCIAS (PAIS_ID , PROVINCIA_ID , PROVINCIA) VALUES ('NLD','289','Wageningen');
INSERT INTO PROVINCIAS (PAIS_ID , PROVINCIA_ID , PROVINCIA) VALUES ('NLD','291','Warnsveld');
INSERT INTO PROVINCIAS (PAIS_ID , PROVINCIA_ID , PROVINCIA) VALUES ('NLD','292','Wehl');
INSERT INTO PROVINCIAS (PAIS_ID , PROVINCIA_ID , PROVINCIA) VALUES ('NLD','293','Westervoort');
INSERT INTO PROVINCIAS (PAIS_ID , PROVINCIA_ID , PROVINCIA) VALUES ('NLD','294','Winterswijk');
INSERT INTO PROVINCIAS (PAIS_ID , PROVINCIA_ID , PROVINCIA) VALUES ('NLD','295','Wisch');
INSERT INTO PROVINCIAS (PAIS_ID , PROVINCIA_ID , PROVINCIA) VALUES ('NLD','296','Wijchen');
INSERT INTO PROVINCIAS (PAIS_ID , PROVINCIA_ID , PROVINCIA) VALUES ('NLD','297','Zaltbommel');
INSERT INTO PROVINCIAS (PAIS_ID , PROVINCIA_ID , PROVINCIA) VALUES ('NLD','298','Zelhem');
INSERT INTO PROVINCIAS (PAIS_ID , PROVINCIA_ID , PROVINCIA) VALUES ('NLD','299','Zevenaar');
INSERT INTO PROVINCIAS (PAIS_ID , PROVINCIA_ID , PROVINCIA) VALUES ('NLD','301','Zutphen');
INSERT INTO PROVINCIAS (PAIS_ID , PROVINCIA_ID , PROVINCIA) VALUES ('NLD','302','Nunspeet');
INSERT INTO PROVINCIAS (PAIS_ID , PROVINCIA_ID , PROVINCIA) VALUES ('NLD','303','Dronten');
INSERT INTO PROVINCIAS (PAIS_ID , PROVINCIA_ID , PROVINCIA) VALUES ('NLD','304','Neerijnen');
INSERT INTO PROVINCIAS (PAIS_ID , PROVINCIA_ID , PROVINCIA) VALUES ('NLD','305','Abcoude');
INSERT INTO PROVINCIAS (PAIS_ID , PROVINCIA_ID , PROVINCIA) VALUES ('NLD','306','Amerongen');
INSERT INTO PROVINCIAS (PAIS_ID , PROVINCIA_ID , PROVINCIA) VALUES ('NLD','307','Amersfoort');
INSERT INTO PROVINCIAS (PAIS_ID , PROVINCIA_ID , PROVINCIA) VALUES ('NLD','308','Baarn');
INSERT INTO PROVINCIAS (PAIS_ID , PROVINCIA_ID , PROVINCIA) VALUES ('NLD','310','De Bilt');
INSERT INTO PROVINCIAS (PAIS_ID , PROVINCIA_ID , PROVINCIA) VALUES ('NLD','311','Breukelen');
INSERT INTO PROVINCIAS (PAIS_ID , PROVINCIA_ID , PROVINCIA) VALUES ('NLD','312','Bunnik');
INSERT INTO PROVINCIAS (PAIS_ID , PROVINCIA_ID , PROVINCIA) VALUES ('NLD','313','Bunschoten');
INSERT INTO PROVINCIAS (PAIS_ID , PROVINCIA_ID , PROVINCIA) VALUES ('NLD','314','Cothen');
INSERT INTO PROVINCIAS (PAIS_ID , PROVINCIA_ID , PROVINCIA) VALUES ('NLD','315','Doorn');
INSERT INTO PROVINCIAS (PAIS_ID , PROVINCIA_ID , PROVINCIA) VALUES ('NLD','316','Driebergen-Rijsenburg');
INSERT INTO PROVINCIAS (PAIS_ID , PROVINCIA_ID , PROVINCIA) VALUES ('NLD','317','Eemnes');
INSERT INTO PROVINCIAS (PAIS_ID , PROVINCIA_ID , PROVINCIA) VALUES ('NLD','318','Harmelen');
INSERT INTO PROVINCIAS (PAIS_ID , PROVINCIA_ID , PROVINCIA) VALUES ('NLD','321','Houten');
INSERT INTO PROVINCIAS (PAIS_ID , PROVINCIA_ID , PROVINCIA) VALUES ('NLD','325','Langbroek');
INSERT INTO PROVINCIAS (PAIS_ID , PROVINCIA_ID , PROVINCIA) VALUES ('NLD','326','Leersum');
INSERT INTO PROVINCIAS (PAIS_ID , PROVINCIA_ID , PROVINCIA) VALUES ('NLD','327','Leusden');
INSERT INTO PROVINCIAS (PAIS_ID , PROVINCIA_ID , PROVINCIA) VALUES ('NLD','329','Loenen');
INSERT INTO PROVINCIAS (PAIS_ID , PROVINCIA_ID , PROVINCIA) VALUES ('NLD','330','Loosdrecht');
INSERT INTO PROVINCIAS (PAIS_ID , PROVINCIA_ID , PROVINCIA) VALUES ('NLD','331','Lopik');
INSERT INTO PROVINCIAS (PAIS_ID , PROVINCIA_ID , PROVINCIA) VALUES ('NLD','332','Maarn');
INSERT INTO PROVINCIAS (PAIS_ID , PROVINCIA_ID , PROVINCIA) VALUES ('NLD','333','Maarssen');
INSERT INTO PROVINCIAS (PAIS_ID , PROVINCIA_ID , PROVINCIA) VALUES ('NLD','334','Maartensdijk');
INSERT INTO PROVINCIAS (PAIS_ID , PROVINCIA_ID , PROVINCIA) VALUES ('NLD','335','Montfoort');
INSERT INTO PROVINCIAS (PAIS_ID , PROVINCIA_ID , PROVINCIA) VALUES ('NLD','339','Renswoude');
INSERT INTO PROVINCIAS (PAIS_ID , PROVINCIA_ID , PROVINCIA) VALUES ('NLD','340','Rhenen');
INSERT INTO PROVINCIAS (PAIS_ID , PROVINCIA_ID , PROVINCIA) VALUES ('NLD','342','Soest');
INSERT INTO PROVINCIAS (PAIS_ID , PROVINCIA_ID , PROVINCIA) VALUES ('NLD','344','Utrecht');
INSERT INTO PROVINCIAS (PAIS_ID , PROVINCIA_ID , PROVINCIA) VALUES ('NLD','345','Veenendaal');
INSERT INTO PROVINCIAS (PAIS_ID , PROVINCIA_ID , PROVINCIA) VALUES ('NLD','347','Vleuten-De Meern');
INSERT INTO PROVINCIAS (PAIS_ID , PROVINCIA_ID , PROVINCIA) VALUES ('NLD','351','Woudenberg');
INSERT INTO PROVINCIAS (PAIS_ID , PROVINCIA_ID , PROVINCIA) VALUES ('NLD','352','Wijk Bij Duurstede');
INSERT INTO PROVINCIAS (PAIS_ID , PROVINCIA_ID , PROVINCIA) VALUES ('NLD','353','Ijsselstein');
INSERT INTO PROVINCIAS (PAIS_ID , PROVINCIA_ID , PROVINCIA) VALUES ('NLD','355','Zeist');
INSERT INTO PROVINCIAS (PAIS_ID , PROVINCIA_ID , PROVINCIA) VALUES ('NLD','356','Nieuwegein');
INSERT INTO PROVINCIAS (PAIS_ID , PROVINCIA_ID , PROVINCIA) VALUES ('NLD','357','Egmond');
INSERT INTO PROVINCIAS (PAIS_ID , PROVINCIA_ID , PROVINCIA) VALUES ('NLD','358','Aalsmeer');
INSERT INTO PROVINCIAS (PAIS_ID , PROVINCIA_ID , PROVINCIA) VALUES ('NLD','360','Akersloot');
INSERT INTO PROVINCIAS (PAIS_ID , PROVINCIA_ID , PROVINCIA) VALUES ('NLD','361','Alkmaar');
INSERT INTO PROVINCIAS (PAIS_ID , PROVINCIA_ID , PROVINCIA) VALUES ('NLD','362','Amstelveen');
INSERT INTO PROVINCIAS (PAIS_ID , PROVINCIA_ID , PROVINCIA) VALUES ('NLD','363','Amsterdam');
INSERT INTO PROVINCIAS (PAIS_ID , PROVINCIA_ID , PROVINCIA) VALUES ('NLD','364','Andijk');
INSERT INTO PROVINCIAS (PAIS_ID , PROVINCIA_ID , PROVINCIA) VALUES ('NLD','365','Graft-De Rijp');
INSERT INTO PROVINCIAS (PAIS_ID , PROVINCIA_ID , PROVINCIA) VALUES ('NLD','366','Anna Paulowna');
INSERT INTO PROVINCIAS (PAIS_ID , PROVINCIA_ID , PROVINCIA) VALUES ('NLD','370','Beemster');
INSERT INTO PROVINCIAS (PAIS_ID , PROVINCIA_ID , PROVINCIA) VALUES ('NLD','372','Bennebroek');
INSERT INTO PROVINCIAS (PAIS_ID , PROVINCIA_ID , PROVINCIA) VALUES ('NLD','373','Bergen  Nh');
INSERT INTO PROVINCIAS (PAIS_ID , PROVINCIA_ID , PROVINCIA) VALUES ('NLD','375','Beverwijk');
INSERT INTO PROVINCIAS (PAIS_ID , PROVINCIA_ID , PROVINCIA) VALUES ('NLD','376','Blaricum');
INSERT INTO PROVINCIAS (PAIS_ID , PROVINCIA_ID , PROVINCIA) VALUES ('NLD','377','Bloemendaal');
INSERT INTO PROVINCIAS (PAIS_ID , PROVINCIA_ID , PROVINCIA) VALUES ('NLD','381','Bussum');
INSERT INTO PROVINCIAS (PAIS_ID , PROVINCIA_ID , PROVINCIA) VALUES ('NLD','383','Castricum');
INSERT INTO PROVINCIAS (PAIS_ID , PROVINCIA_ID , PROVINCIA) VALUES ('NLD','384','Diemen');
INSERT INTO PROVINCIAS (PAIS_ID , PROVINCIA_ID , PROVINCIA) VALUES ('NLD','385','Edam-Volendam');
INSERT INTO PROVINCIAS (PAIS_ID , PROVINCIA_ID , PROVINCIA) VALUES ('NLD','388','Enkhuizen');
INSERT INTO PROVINCIAS (PAIS_ID , PROVINCIA_ID , PROVINCIA) VALUES ('NLD','390','s-Graveland');
INSERT INTO PROVINCIAS (PAIS_ID , PROVINCIA_ID , PROVINCIA) VALUES ('NLD','392','Haarlem');
INSERT INTO PROVINCIAS (PAIS_ID , PROVINCIA_ID , PROVINCIA) VALUES ('NLD','393','Haarlemmerliede En Spaar');
INSERT INTO PROVINCIAS (PAIS_ID , PROVINCIA_ID , PROVINCIA) VALUES ('NLD','394','Haarlemmermeer');
INSERT INTO PROVINCIAS (PAIS_ID , PROVINCIA_ID , PROVINCIA) VALUES ('NLD','395','Harenkarspel');
INSERT INTO PROVINCIAS (PAIS_ID , PROVINCIA_ID , PROVINCIA) VALUES ('NLD','396','Heemskerk');
INSERT INTO PROVINCIAS (PAIS_ID , PROVINCIA_ID , PROVINCIA) VALUES ('NLD','397','Heemstede');
INSERT INTO PROVINCIAS (PAIS_ID , PROVINCIA_ID , PROVINCIA) VALUES ('NLD','398','Heerhugowaard');
INSERT INTO PROVINCIAS (PAIS_ID , PROVINCIA_ID , PROVINCIA) VALUES ('NLD','399','Heiloo');
INSERT INTO PROVINCIAS (PAIS_ID , PROVINCIA_ID , PROVINCIA) VALUES ('NLD','400','Den Helder');
INSERT INTO PROVINCIAS (PAIS_ID , PROVINCIA_ID , PROVINCIA) VALUES ('NLD','402','Hilversum');
INSERT INTO PROVINCIAS (PAIS_ID , PROVINCIA_ID , PROVINCIA) VALUES ('NLD','405','Hoorn');
INSERT INTO PROVINCIAS (PAIS_ID , PROVINCIA_ID , PROVINCIA) VALUES ('NLD','406','Huizen');
INSERT INTO PROVINCIAS (PAIS_ID , PROVINCIA_ID , PROVINCIA) VALUES ('NLD','412','Niedorp');
INSERT INTO PROVINCIAS (PAIS_ID , PROVINCIA_ID , PROVINCIA) VALUES ('NLD','415','Landsmeer');
INSERT INTO PROVINCIAS (PAIS_ID , PROVINCIA_ID , PROVINCIA) VALUES ('NLD','416','Langedijk');
INSERT INTO PROVINCIAS (PAIS_ID , PROVINCIA_ID , PROVINCIA) VALUES ('NLD','417','Laren Nh');
INSERT INTO PROVINCIAS (PAIS_ID , PROVINCIA_ID , PROVINCIA) VALUES ('NLD','418','Limmen');
INSERT INTO PROVINCIAS (PAIS_ID , PROVINCIA_ID , PROVINCIA) VALUES ('NLD','420','Medemblik');
INSERT INTO PROVINCIAS (PAIS_ID , PROVINCIA_ID , PROVINCIA) VALUES ('NLD','424','Muiden');
INSERT INTO PROVINCIAS (PAIS_ID , PROVINCIA_ID , PROVINCIA) VALUES ('NLD','425','Naarden');
INSERT INTO PROVINCIAS (PAIS_ID , PROVINCIA_ID , PROVINCIA) VALUES ('NLD','426','Nederhorst Den Berg');
INSERT INTO PROVINCIAS (PAIS_ID , PROVINCIA_ID , PROVINCIA) VALUES ('NLD','429','Obdam');
INSERT INTO PROVINCIAS (PAIS_ID , PROVINCIA_ID , PROVINCIA) VALUES ('NLD','431','Oostzaan');
INSERT INTO PROVINCIAS (PAIS_ID , PROVINCIA_ID , PROVINCIA) VALUES ('NLD','432','Opmeer');
INSERT INTO PROVINCIAS (PAIS_ID , PROVINCIA_ID , PROVINCIA) VALUES ('NLD','437','Ouder-Amstel');
INSERT INTO PROVINCIAS (PAIS_ID , PROVINCIA_ID , PROVINCIA) VALUES ('NLD','439','Purmerend');
INSERT INTO PROVINCIAS (PAIS_ID , PROVINCIA_ID , PROVINCIA) VALUES ('NLD','441','Schagen');
INSERT INTO PROVINCIAS (PAIS_ID , PROVINCIA_ID , PROVINCIA) VALUES ('NLD','444','Schoorl');
INSERT INTO PROVINCIAS (PAIS_ID , PROVINCIA_ID , PROVINCIA) VALUES ('NLD','448','Texel');
INSERT INTO PROVINCIAS (PAIS_ID , PROVINCIA_ID , PROVINCIA) VALUES ('NLD','450','Uitgeest');
INSERT INTO PROVINCIAS (PAIS_ID , PROVINCIA_ID , PROVINCIA) VALUES ('NLD','451','Uithoorn');
INSERT INTO PROVINCIAS (PAIS_ID , PROVINCIA_ID , PROVINCIA) VALUES ('NLD','453','Velsen');
INSERT INTO PROVINCIAS (PAIS_ID , PROVINCIA_ID , PROVINCIA) VALUES ('NLD','454','Venhuizen');
INSERT INTO PROVINCIAS (PAIS_ID , PROVINCIA_ID , PROVINCIA) VALUES ('NLD','457','Weesp');
INSERT INTO PROVINCIAS (PAIS_ID , PROVINCIA_ID , PROVINCIA) VALUES ('NLD','458','Schermer');
INSERT INTO PROVINCIAS (PAIS_ID , PROVINCIA_ID , PROVINCIA) VALUES ('NLD','459','Wervershoof');
INSERT INTO PROVINCIAS (PAIS_ID , PROVINCIA_ID , PROVINCIA) VALUES ('NLD','462','Wieringen');
INSERT INTO PROVINCIAS (PAIS_ID , PROVINCIA_ID , PROVINCIA) VALUES ('NLD','463','Wieringermeer');
INSERT INTO PROVINCIAS (PAIS_ID , PROVINCIA_ID , PROVINCIA) VALUES ('NLD','466','Wognum');
INSERT INTO PROVINCIAS (PAIS_ID , PROVINCIA_ID , PROVINCIA) VALUES ('NLD','473','Zandvoort');
INSERT INTO PROVINCIAS (PAIS_ID , PROVINCIA_ID , PROVINCIA) VALUES ('NLD','476','Zijpe');
INSERT INTO PROVINCIAS (PAIS_ID , PROVINCIA_ID , PROVINCIA) VALUES ('NLD','478','Zeevang');
INSERT INTO PROVINCIAS (PAIS_ID , PROVINCIA_ID , PROVINCIA) VALUES ('NLD','479','Zaanstad');
INSERT INTO PROVINCIAS (PAIS_ID , PROVINCIA_ID , PROVINCIA) VALUES ('NLD','480','Ter Aar');
INSERT INTO PROVINCIAS (PAIS_ID , PROVINCIA_ID , PROVINCIA) VALUES ('NLD','482','Alblasserdam');
INSERT INTO PROVINCIAS (PAIS_ID , PROVINCIA_ID , PROVINCIA) VALUES ('NLD','483','Alkemade');
INSERT INTO PROVINCIAS (PAIS_ID , PROVINCIA_ID , PROVINCIA) VALUES ('NLD','484','Alphen Aan Den Rijn');
INSERT INTO PROVINCIAS (PAIS_ID , PROVINCIA_ID , PROVINCIA) VALUES ('NLD','489','Barendrecht');
INSERT INTO PROVINCIAS (PAIS_ID , PROVINCIA_ID , PROVINCIA) VALUES ('NLD','491','Bergambacht');
INSERT INTO PROVINCIAS (PAIS_ID , PROVINCIA_ID , PROVINCIA) VALUES ('NLD','492','Bergschenhoek');
INSERT INTO PROVINCIAS (PAIS_ID , PROVINCIA_ID , PROVINCIA) VALUES ('NLD','493','Berkel En Rodenrijs');
INSERT INTO PROVINCIAS (PAIS_ID , PROVINCIA_ID , PROVINCIA) VALUES ('NLD','495','Bleiswijk');
INSERT INTO PROVINCIAS (PAIS_ID , PROVINCIA_ID , PROVINCIA) VALUES ('NLD','497','Bodegraven');
INSERT INTO PROVINCIAS (PAIS_ID , PROVINCIA_ID , PROVINCIA) VALUES ('NLD','498','Drechterland');
INSERT INTO PROVINCIAS (PAIS_ID , PROVINCIA_ID , PROVINCIA) VALUES ('NLD','499','Boskoop');
INSERT INTO PROVINCIAS (PAIS_ID , PROVINCIA_ID , PROVINCIA) VALUES ('NLD','501','Brielle');
INSERT INTO PROVINCIAS (PAIS_ID , PROVINCIA_ID , PROVINCIA) VALUES ('NLD','502','Capelle Aan Den Ijssel');
INSERT INTO PROVINCIAS (PAIS_ID , PROVINCIA_ID , PROVINCIA) VALUES ('NLD','503','Delft');
INSERT INTO PROVINCIAS (PAIS_ID , PROVINCIA_ID , PROVINCIA) VALUES ('NLD','504','Dirksland');
INSERT INTO PROVINCIAS (PAIS_ID , PROVINCIA_ID , PROVINCIA) VALUES ('NLD','505','Dordrecht');
INSERT INTO PROVINCIAS (PAIS_ID , PROVINCIA_ID , PROVINCIA) VALUES ('NLD','511','Goedereede');
INSERT INTO PROVINCIAS (PAIS_ID , PROVINCIA_ID , PROVINCIA) VALUES ('NLD','512','Gorinchem');
INSERT INTO PROVINCIAS (PAIS_ID , PROVINCIA_ID , PROVINCIA) VALUES ('NLD','513','Gouda');
INSERT INTO PROVINCIAS (PAIS_ID , PROVINCIA_ID , PROVINCIA) VALUES ('NLD','517','s-Gravendeel');
INSERT INTO PROVINCIAS (PAIS_ID , PROVINCIA_ID , PROVINCIA) VALUES ('NLD','518','s-Gravenhage');
INSERT INTO PROVINCIAS (PAIS_ID , PROVINCIA_ID , PROVINCIA) VALUES ('NLD','519','s-Gravenzande');
INSERT INTO PROVINCIAS (PAIS_ID , PROVINCIA_ID , PROVINCIA) VALUES ('NLD','523','Hardinxveld-Giessendam');
INSERT INTO PROVINCIAS (PAIS_ID , PROVINCIA_ID , PROVINCIA) VALUES ('NLD','526','Heerjansdam');
INSERT INTO PROVINCIAS (PAIS_ID , PROVINCIA_ID , PROVINCIA) VALUES ('NLD','529','Noorder-Koggenland');
INSERT INTO PROVINCIAS (PAIS_ID , PROVINCIA_ID , PROVINCIA) VALUES ('NLD','530','Hellevoetsluis');
INSERT INTO PROVINCIAS (PAIS_ID , PROVINCIA_ID , PROVINCIA) VALUES ('NLD','531','Hendrik-Ido-Ambacht');
INSERT INTO PROVINCIAS (PAIS_ID , PROVINCIA_ID , PROVINCIA) VALUES ('NLD','532','Stede Broec');
INSERT INTO PROVINCIAS (PAIS_ID , PROVINCIA_ID , PROVINCIA) VALUES ('NLD','534','Hillegom');
INSERT INTO PROVINCIAS (PAIS_ID , PROVINCIA_ID , PROVINCIA) VALUES ('NLD','537','Katwijk');
INSERT INTO PROVINCIAS (PAIS_ID , PROVINCIA_ID , PROVINCIA) VALUES ('NLD','542','Krimpen Aan Den Ijssel');
INSERT INTO PROVINCIAS (PAIS_ID , PROVINCIA_ID , PROVINCIA) VALUES ('NLD','545','Leerdam');
INSERT INTO PROVINCIAS (PAIS_ID , PROVINCIA_ID , PROVINCIA) VALUES ('NLD','546','Leiden');
INSERT INTO PROVINCIAS (PAIS_ID , PROVINCIA_ID , PROVINCIA) VALUES ('NLD','547','Leiderdorp');
INSERT INTO PROVINCIAS (PAIS_ID , PROVINCIA_ID , PROVINCIA) VALUES ('NLD','548','Leidschendam');
INSERT INTO PROVINCIAS (PAIS_ID , PROVINCIA_ID , PROVINCIA) VALUES ('NLD','552','De Lier');
INSERT INTO PROVINCIAS (PAIS_ID , PROVINCIA_ID , PROVINCIA) VALUES ('NLD','553','Lisse');
INSERT INTO PROVINCIAS (PAIS_ID , PROVINCIA_ID , PROVINCIA) VALUES ('NLD','555','Maasland');
INSERT INTO PROVINCIAS (PAIS_ID , PROVINCIA_ID , PROVINCIA) VALUES ('NLD','556','Maassluis');
INSERT INTO PROVINCIAS (PAIS_ID , PROVINCIA_ID , PROVINCIA) VALUES ('NLD','558','Wester-Koggenland');
INSERT INTO PROVINCIAS (PAIS_ID , PROVINCIA_ID , PROVINCIA) VALUES ('NLD','559','Middelharnis');
INSERT INTO PROVINCIAS (PAIS_ID , PROVINCIA_ID , PROVINCIA) VALUES ('NLD','562','Monster');
INSERT INTO PROVINCIAS (PAIS_ID , PROVINCIA_ID , PROVINCIA) VALUES ('NLD','563','Moordrecht');
INSERT INTO PROVINCIAS (PAIS_ID , PROVINCIA_ID , PROVINCIA) VALUES ('NLD','565','Naaldwijk');
INSERT INTO PROVINCIAS (PAIS_ID , PROVINCIA_ID , PROVINCIA) VALUES ('NLD','567','Nieuwerkerk Aan Den Ijss');
INSERT INTO PROVINCIAS (PAIS_ID , PROVINCIA_ID , PROVINCIA) VALUES ('NLD','568','Bernisse');
INSERT INTO PROVINCIAS (PAIS_ID , PROVINCIA_ID , PROVINCIA) VALUES ('NLD','569','Nieuwkoop');
INSERT INTO PROVINCIAS (PAIS_ID , PROVINCIA_ID , PROVINCIA) VALUES ('NLD','571','Nieuw-Lekkerland');
INSERT INTO PROVINCIAS (PAIS_ID , PROVINCIA_ID , PROVINCIA) VALUES ('NLD','575','Noordwijk');
INSERT INTO PROVINCIAS (PAIS_ID , PROVINCIA_ID , PROVINCIA) VALUES ('NLD','576','Noordwijkerhout');
INSERT INTO PROVINCIAS (PAIS_ID , PROVINCIA_ID , PROVINCIA) VALUES ('NLD','577','Nootdorp');
INSERT INTO PROVINCIAS (PAIS_ID , PROVINCIA_ID , PROVINCIA) VALUES ('NLD','579','Oegstgeest');
INSERT INTO PROVINCIAS (PAIS_ID , PROVINCIA_ID , PROVINCIA) VALUES ('NLD','580','Oostflakkee');
INSERT INTO PROVINCIAS (PAIS_ID , PROVINCIA_ID , PROVINCIA) VALUES ('NLD','584','Oud-Beijerland');
INSERT INTO PROVINCIAS (PAIS_ID , PROVINCIA_ID , PROVINCIA) VALUES ('NLD','585','Binnenmaas');
INSERT INTO PROVINCIAS (PAIS_ID , PROVINCIA_ID , PROVINCIA) VALUES ('NLD','588','Korendijk');
INSERT INTO PROVINCIAS (PAIS_ID , PROVINCIA_ID , PROVINCIA) VALUES ('NLD','589','Oudewater');
INSERT INTO PROVINCIAS (PAIS_ID , PROVINCIA_ID , PROVINCIA) VALUES ('NLD','590','Papendrecht');
INSERT INTO PROVINCIAS (PAIS_ID , PROVINCIA_ID , PROVINCIA) VALUES ('NLD','594','Pijnacker');
INSERT INTO PROVINCIAS (PAIS_ID , PROVINCIA_ID , PROVINCIA) VALUES ('NLD','595','Reeuwijk');
INSERT INTO PROVINCIAS (PAIS_ID , PROVINCIA_ID , PROVINCIA) VALUES ('NLD','597','Ridderkerk');
INSERT INTO PROVINCIAS (PAIS_ID , PROVINCIA_ID , PROVINCIA) VALUES ('NLD','599','Rotterdam');
INSERT INTO PROVINCIAS (PAIS_ID , PROVINCIA_ID , PROVINCIA) VALUES ('NLD','600','Rozenburg');
INSERT INTO PROVINCIAS (PAIS_ID , PROVINCIA_ID , PROVINCIA) VALUES ('NLD','602','Rijnsburg');
INSERT INTO PROVINCIAS (PAIS_ID , PROVINCIA_ID , PROVINCIA) VALUES ('NLD','603','Rijswijk (Z.H.)');
INSERT INTO PROVINCIAS (PAIS_ID , PROVINCIA_ID , PROVINCIA) VALUES ('NLD','604','Sassenheim');
INSERT INTO PROVINCIAS (PAIS_ID , PROVINCIA_ID , PROVINCIA) VALUES ('NLD','606','Schiedam');
INSERT INTO PROVINCIAS (PAIS_ID , PROVINCIA_ID , PROVINCIA) VALUES ('NLD','607','Schipluiden');
INSERT INTO PROVINCIAS (PAIS_ID , PROVINCIA_ID , PROVINCIA) VALUES ('NLD','608','Schoonhoven');
INSERT INTO PROVINCIAS (PAIS_ID , PROVINCIA_ID , PROVINCIA) VALUES ('NLD','610','Sliedrecht');
INSERT INTO PROVINCIAS (PAIS_ID , PROVINCIA_ID , PROVINCIA) VALUES ('NLD','611','Cromstrijen');
INSERT INTO PROVINCIAS (PAIS_ID , PROVINCIA_ID , PROVINCIA) VALUES ('NLD','612','Spijkenisse');
INSERT INTO PROVINCIAS (PAIS_ID , PROVINCIA_ID , PROVINCIA) VALUES ('NLD','613','Albrandswaard');
INSERT INTO PROVINCIAS (PAIS_ID , PROVINCIA_ID , PROVINCIA) VALUES ('NLD','614','Westvoorne');
INSERT INTO PROVINCIAS (PAIS_ID , PROVINCIA_ID , PROVINCIA) VALUES ('NLD','617','Strijen');
INSERT INTO PROVINCIAS (PAIS_ID , PROVINCIA_ID , PROVINCIA) VALUES ('NLD','619','Valkenburg (Z.H.)');
INSERT INTO PROVINCIAS (PAIS_ID , PROVINCIA_ID , PROVINCIA) VALUES ('NLD','620','Vianen');
INSERT INTO PROVINCIAS (PAIS_ID , PROVINCIA_ID , PROVINCIA) VALUES ('NLD','622','Vlaardingen');
INSERT INTO PROVINCIAS (PAIS_ID , PROVINCIA_ID , PROVINCIA) VALUES ('NLD','623','Vlist');
INSERT INTO PROVINCIAS (PAIS_ID , PROVINCIA_ID , PROVINCIA) VALUES ('NLD','624','Voorburg');
INSERT INTO PROVINCIAS (PAIS_ID , PROVINCIA_ID , PROVINCIA) VALUES ('NLD','625','Voorhout');
INSERT INTO PROVINCIAS (PAIS_ID , PROVINCIA_ID , PROVINCIA) VALUES ('NLD','626','Voorschoten');
INSERT INTO PROVINCIAS (PAIS_ID , PROVINCIA_ID , PROVINCIA) VALUES ('NLD','627','Waddinxveen');
INSERT INTO PROVINCIAS (PAIS_ID , PROVINCIA_ID , PROVINCIA) VALUES ('NLD','628','Warmond');
INSERT INTO PROVINCIAS (PAIS_ID , PROVINCIA_ID , PROVINCIA) VALUES ('NLD','629','Wassenaar');
INSERT INTO PROVINCIAS (PAIS_ID , PROVINCIA_ID , PROVINCIA) VALUES ('NLD','630','Wateringen');
INSERT INTO PROVINCIAS (PAIS_ID , PROVINCIA_ID , PROVINCIA) VALUES ('NLD','632','Woerden');
INSERT INTO PROVINCIAS (PAIS_ID , PROVINCIA_ID , PROVINCIA) VALUES ('NLD','637','Zoetermeer');
INSERT INTO PROVINCIAS (PAIS_ID , PROVINCIA_ID , PROVINCIA) VALUES ('NLD','638','Zoeterwoude');
INSERT INTO PROVINCIAS (PAIS_ID , PROVINCIA_ID , PROVINCIA) VALUES ('NLD','642','Zwijndrecht');
INSERT INTO PROVINCIAS (PAIS_ID , PROVINCIA_ID , PROVINCIA) VALUES ('NLD','643','Nederlek');
INSERT INTO PROVINCIAS (PAIS_ID , PROVINCIA_ID , PROVINCIA) VALUES ('NLD','644','Ouderkerk');
INSERT INTO PROVINCIAS (PAIS_ID , PROVINCIA_ID , PROVINCIA) VALUES ('NLD','645','Jacobswoude');
INSERT INTO PROVINCIAS (PAIS_ID , PROVINCIA_ID , PROVINCIA) VALUES ('NLD','648','Aardenburg');
INSERT INTO PROVINCIAS (PAIS_ID , PROVINCIA_ID , PROVINCIA) VALUES ('NLD','649','Arnemuiden');
INSERT INTO PROVINCIAS (PAIS_ID , PROVINCIA_ID , PROVINCIA) VALUES ('NLD','650','Axel');
INSERT INTO PROVINCIAS (PAIS_ID , PROVINCIA_ID , PROVINCIA) VALUES ('NLD','651','Eemsmond');
INSERT INTO PROVINCIAS (PAIS_ID , PROVINCIA_ID , PROVINCIA) VALUES ('NLD','653','Gaasterlan-Sleat');
INSERT INTO PROVINCIAS (PAIS_ID , PROVINCIA_ID , PROVINCIA) VALUES ('NLD','654','Borsele');
INSERT INTO PROVINCIAS (PAIS_ID , PROVINCIA_ID , PROVINCIA) VALUES ('NLD','656','Brouwershaven');
INSERT INTO PROVINCIAS (PAIS_ID , PROVINCIA_ID , PROVINCIA) VALUES ('NLD','657','Bruinisse');
INSERT INTO PROVINCIAS (PAIS_ID , PROVINCIA_ID , PROVINCIA) VALUES ('NLD','660','Domburg');
INSERT INTO PROVINCIAS (PAIS_ID , PROVINCIA_ID , PROVINCIA) VALUES ('NLD','661','Reiderland');
INSERT INTO PROVINCIAS (PAIS_ID , PROVINCIA_ID , PROVINCIA) VALUES ('NLD','662','Duiveland');
INSERT INTO PROVINCIAS (PAIS_ID , PROVINCIA_ID , PROVINCIA) VALUES ('NLD','663','De Marne');
INSERT INTO PROVINCIAS (PAIS_ID , PROVINCIA_ID , PROVINCIA) VALUES ('NLD','664','Goes');
INSERT INTO PROVINCIAS (PAIS_ID , PROVINCIA_ID , PROVINCIA) VALUES ('NLD','666','Zevenhuizen-Moerkapelle');
INSERT INTO PROVINCIAS (PAIS_ID , PROVINCIA_ID , PROVINCIA) VALUES ('NLD','668','West Maas En Waal');
INSERT INTO PROVINCIAS (PAIS_ID , PROVINCIA_ID , PROVINCIA) VALUES ('NLD','669','Roerdalen');
INSERT INTO PROVINCIAS (PAIS_ID , PROVINCIA_ID , PROVINCIA) VALUES ('NLD','670','Roggel En Neer');
INSERT INTO PROVINCIAS (PAIS_ID , PROVINCIA_ID , PROVINCIA) VALUES ('NLD','671','Maasdonk');
INSERT INTO PROVINCIAS (PAIS_ID , PROVINCIA_ID , PROVINCIA) VALUES ('NLD','672','Rijnwoude');
INSERT INTO PROVINCIAS (PAIS_ID , PROVINCIA_ID , PROVINCIA) VALUES ('NLD','673','Liemeer');
INSERT INTO PROVINCIAS (PAIS_ID , PROVINCIA_ID , PROVINCIA) VALUES ('NLD','675','Hontenisse');
INSERT INTO PROVINCIAS (PAIS_ID , PROVINCIA_ID , PROVINCIA) VALUES ('NLD','677','Hulst');
INSERT INTO PROVINCIAS (PAIS_ID , PROVINCIA_ID , PROVINCIA) VALUES ('NLD','678','Kapelle');
INSERT INTO PROVINCIAS (PAIS_ID , PROVINCIA_ID , PROVINCIA) VALUES ('NLD','679','Ambt Montfort');
INSERT INTO PROVINCIAS (PAIS_ID , PROVINCIA_ID , PROVINCIA) VALUES ('NLD','682','Kortgene');
INSERT INTO PROVINCIAS (PAIS_ID , PROVINCIA_ID , PROVINCIA) VALUES ('NLD','683','Wymbritseradiel');
INSERT INTO PROVINCIAS (PAIS_ID , PROVINCIA_ID , PROVINCIA) VALUES ('NLD','684','Cuijk');
INSERT INTO PROVINCIAS (PAIS_ID , PROVINCIA_ID , PROVINCIA) VALUES ('NLD','685','Landerd');
INSERT INTO PROVINCIAS (PAIS_ID , PROVINCIA_ID , PROVINCIA) VALUES ('NLD','686','Mariekerke');
INSERT INTO PROVINCIAS (PAIS_ID , PROVINCIA_ID , PROVINCIA) VALUES ('NLD','687','Middelburg');
INSERT INTO PROVINCIAS (PAIS_ID , PROVINCIA_ID , PROVINCIA) VALUES ('NLD','688','Middenschouwen');
INSERT INTO PROVINCIAS (PAIS_ID , PROVINCIA_ID , PROVINCIA) VALUES ('NLD','689','Giessenlanden');
INSERT INTO PROVINCIAS (PAIS_ID , PROVINCIA_ID , PROVINCIA) VALUES ('NLD','691','Sint Anthonis');
INSERT INTO PROVINCIAS (PAIS_ID , PROVINCIA_ID , PROVINCIA) VALUES ('NLD','692','Oostburg');
INSERT INTO PROVINCIAS (PAIS_ID , PROVINCIA_ID , PROVINCIA) VALUES ('NLD','693','Graafstroom');
INSERT INTO PROVINCIAS (PAIS_ID , PROVINCIA_ID , PROVINCIA) VALUES ('NLD','694','Liesveld');
INSERT INTO PROVINCIAS (PAIS_ID , PROVINCIA_ID , PROVINCIA) VALUES ('NLD','703','Reimerswaal');
INSERT INTO PROVINCIAS (PAIS_ID , PROVINCIA_ID , PROVINCIA) VALUES ('NLD','704','Sas Van Gent');
INSERT INTO PROVINCIAS (PAIS_ID , PROVINCIA_ID , PROVINCIA) VALUES ('NLD','707','Zederik');
INSERT INTO PROVINCIAS (PAIS_ID , PROVINCIA_ID , PROVINCIA) VALUES ('NLD','710','Wunseradiel');
INSERT INTO PROVINCIAS (PAIS_ID , PROVINCIA_ID , PROVINCIA) VALUES ('NLD','712','Sint Philipsland');
INSERT INTO PROVINCIAS (PAIS_ID , PROVINCIA_ID , PROVINCIA) VALUES ('NLD','713','Sluis');
INSERT INTO PROVINCIAS (PAIS_ID , PROVINCIA_ID , PROVINCIA) VALUES ('NLD','715','Terneuzen');
INSERT INTO PROVINCIAS (PAIS_ID , PROVINCIA_ID , PROVINCIA) VALUES ('NLD','716','Tholen');
INSERT INTO PROVINCIAS (PAIS_ID , PROVINCIA_ID , PROVINCIA) VALUES ('NLD','717','Veere');
INSERT INTO PROVINCIAS (PAIS_ID , PROVINCIA_ID , PROVINCIA) VALUES ('NLD','718','Vlissingen');
INSERT INTO PROVINCIAS (PAIS_ID , PROVINCIA_ID , PROVINCIA) VALUES ('NLD','720','Valkenisse');
INSERT INTO PROVINCIAS (PAIS_ID , PROVINCIA_ID , PROVINCIA) VALUES ('NLD','725','Westerschouwen');
INSERT INTO PROVINCIAS (PAIS_ID , PROVINCIA_ID , PROVINCIA) VALUES ('NLD','726','Westkapelle');
INSERT INTO PROVINCIAS (PAIS_ID , PROVINCIA_ID , PROVINCIA) VALUES ('NLD','727','Wissenkerke');
INSERT INTO PROVINCIAS (PAIS_ID , PROVINCIA_ID , PROVINCIA) VALUES ('NLD','730','Beernem');
INSERT INTO PROVINCIAS (PAIS_ID , PROVINCIA_ID , PROVINCIA) VALUES ('NLD','732','Zierikzee');
INSERT INTO PROVINCIAS (PAIS_ID , PROVINCIA_ID , PROVINCIA) VALUES ('NLD','733','Lingewaal');
INSERT INTO PROVINCIAS (PAIS_ID , PROVINCIA_ID , PROVINCIA) VALUES ('NLD','736','De Ronde Venen');
INSERT INTO PROVINCIAS (PAIS_ID , PROVINCIA_ID , PROVINCIA) VALUES ('NLD','737','Tytsjerksteradiel');
INSERT INTO PROVINCIAS (PAIS_ID , PROVINCIA_ID , PROVINCIA) VALUES ('NLD','738','Aalburg');
INSERT INTO PROVINCIAS (PAIS_ID , PROVINCIA_ID , PROVINCIA) VALUES ('NLD','739','Aarle-Rixtel');
INSERT INTO PROVINCIAS (PAIS_ID , PROVINCIA_ID , PROVINCIA) VALUES ('NLD','741','Alphen En Riel');
INSERT INTO PROVINCIAS (PAIS_ID , PROVINCIA_ID , PROVINCIA) VALUES ('NLD','743','Asten');
INSERT INTO PROVINCIAS (PAIS_ID , PROVINCIA_ID , PROVINCIA) VALUES ('NLD','744','Baarle-Nassau');
INSERT INTO PROVINCIAS (PAIS_ID , PROVINCIA_ID , PROVINCIA) VALUES ('NLD','745','Bakel En Milheeze');
INSERT INTO PROVINCIAS (PAIS_ID , PROVINCIA_ID , PROVINCIA) VALUES ('NLD','746','Beek En Donk');
INSERT INTO PROVINCIAS (PAIS_ID , PROVINCIA_ID , PROVINCIA) VALUES ('NLD','748','Bergen Op Zoom');
INSERT INTO PROVINCIAS (PAIS_ID , PROVINCIA_ID , PROVINCIA) VALUES ('NLD','749','Bergeyk');
INSERT INTO PROVINCIAS (PAIS_ID , PROVINCIA_ID , PROVINCIA) VALUES ('NLD','751','Berkel-Enschot');
INSERT INTO PROVINCIAS (PAIS_ID , PROVINCIA_ID , PROVINCIA) VALUES ('NLD','752','Berlicum');
INSERT INTO PROVINCIAS (PAIS_ID , PROVINCIA_ID , PROVINCIA) VALUES ('NLD','753','Best');
INSERT INTO PROVINCIAS (PAIS_ID , PROVINCIA_ID , PROVINCIA) VALUES ('NLD','754','Bladel En Netersel');
INSERT INTO PROVINCIAS (PAIS_ID , PROVINCIA_ID , PROVINCIA) VALUES ('NLD','755','Boekel');
INSERT INTO PROVINCIAS (PAIS_ID , PROVINCIA_ID , PROVINCIA) VALUES ('NLD','756','Boxmeer');
INSERT INTO PROVINCIAS (PAIS_ID , PROVINCIA_ID , PROVINCIA) VALUES ('NLD','757','Boxtel');
INSERT INTO PROVINCIAS (PAIS_ID , PROVINCIA_ID , PROVINCIA) VALUES ('NLD','758','Breda');
INSERT INTO PROVINCIAS (PAIS_ID , PROVINCIA_ID , PROVINCIA) VALUES ('NLD','759','Budel');
INSERT INTO PROVINCIAS (PAIS_ID , PROVINCIA_ID , PROVINCIA) VALUES ('NLD','760','Chaam');
INSERT INTO PROVINCIAS (PAIS_ID , PROVINCIA_ID , PROVINCIA) VALUES ('NLD','762','Deurne');
INSERT INTO PROVINCIAS (PAIS_ID , PROVINCIA_ID , PROVINCIA) VALUES ('NLD','763','Diessen');
INSERT INTO PROVINCIAS (PAIS_ID , PROVINCIA_ID , PROVINCIA) VALUES ('NLD','764','Dinteloord En Prinsenlan');
INSERT INTO PROVINCIAS (PAIS_ID , PROVINCIA_ID , PROVINCIA) VALUES ('NLD','765','Pekela');
INSERT INTO PROVINCIAS (PAIS_ID , PROVINCIA_ID , PROVINCIA) VALUES ('NLD','766','Dongen');
INSERT INTO PROVINCIAS (PAIS_ID , PROVINCIA_ID , PROVINCIA) VALUES ('NLD','767','Drunen');
INSERT INTO PROVINCIAS (PAIS_ID , PROVINCIA_ID , PROVINCIA) VALUES ('NLD','768','Den Dungen');
INSERT INTO PROVINCIAS (PAIS_ID , PROVINCIA_ID , PROVINCIA) VALUES ('NLD','769','Dussen');
INSERT INTO PROVINCIAS (PAIS_ID , PROVINCIA_ID , PROVINCIA) VALUES ('NLD','770','Eersel');
INSERT INTO PROVINCIAS (PAIS_ID , PROVINCIA_ID , PROVINCIA) VALUES ('NLD','772','Eindhoven');
INSERT INTO PROVINCIAS (PAIS_ID , PROVINCIA_ID , PROVINCIA) VALUES ('NLD','776','Esch');
INSERT INTO PROVINCIAS (PAIS_ID , PROVINCIA_ID , PROVINCIA) VALUES ('NLD','777','Etten-Leur');
INSERT INTO PROVINCIAS (PAIS_ID , PROVINCIA_ID , PROVINCIA) VALUES ('NLD','778','Fijnaart En Heijningen');
INSERT INTO PROVINCIAS (PAIS_ID , PROVINCIA_ID , PROVINCIA) VALUES ('NLD','779','Geertruidenberg');
INSERT INTO PROVINCIAS (PAIS_ID , PROVINCIA_ID , PROVINCIA) VALUES ('NLD','781','Geldrop');
INSERT INTO PROVINCIAS (PAIS_ID , PROVINCIA_ID , PROVINCIA) VALUES ('NLD','782','Gemert');
INSERT INTO PROVINCIAS (PAIS_ID , PROVINCIA_ID , PROVINCIA) VALUES ('NLD','784','Gilze En Rijen');
INSERT INTO PROVINCIAS (PAIS_ID , PROVINCIA_ID , PROVINCIA) VALUES ('NLD','785','Goirle');
INSERT INTO PROVINCIAS (PAIS_ID , PROVINCIA_ID , PROVINCIA) VALUES ('NLD','786','Grave');
INSERT INTO PROVINCIAS (PAIS_ID , PROVINCIA_ID , PROVINCIA) VALUES ('NLD','787','s-Gravenmoer');
INSERT INTO PROVINCIAS (PAIS_ID , PROVINCIA_ID , PROVINCIA) VALUES ('NLD','788','Haaren');
INSERT INTO PROVINCIAS (PAIS_ID , PROVINCIA_ID , PROVINCIA) VALUES ('NLD','789','Halsteren');
INSERT INTO PROVINCIAS (PAIS_ID , PROVINCIA_ID , PROVINCIA) VALUES ('NLD','791','Heesch');
INSERT INTO PROVINCIAS (PAIS_ID , PROVINCIA_ID , PROVINCIA) VALUES ('NLD','793','Heeze');
INSERT INTO PROVINCIAS (PAIS_ID , PROVINCIA_ID , PROVINCIA) VALUES ('NLD','794','Helmond');
INSERT INTO PROVINCIAS (PAIS_ID , PROVINCIA_ID , PROVINCIA) VALUES ('NLD','795','Helvoirt');
INSERT INTO PROVINCIAS (PAIS_ID , PROVINCIA_ID , PROVINCIA) VALUES ('NLD','796','s-Hertogenbosch');
INSERT INTO PROVINCIAS (PAIS_ID , PROVINCIA_ID , PROVINCIA) VALUES ('NLD','797','Heusden');
INSERT INTO PROVINCIAS (PAIS_ID , PROVINCIA_ID , PROVINCIA) VALUES ('NLD','798','Hilvarenbeek');
INSERT INTO PROVINCIAS (PAIS_ID , PROVINCIA_ID , PROVINCIA) VALUES ('NLD','799','Hoeven');
INSERT INTO PROVINCIAS (PAIS_ID , PROVINCIA_ID , PROVINCIA) VALUES ('NLD','800','Hoogeloon,Hapert En Cast');
INSERT INTO PROVINCIAS (PAIS_ID , PROVINCIA_ID , PROVINCIA) VALUES ('NLD','801','Hooge En Lage Mierde');
INSERT INTO PROVINCIAS (PAIS_ID , PROVINCIA_ID , PROVINCIA) VALUES ('NLD','802','Hooge En Lage Zwaluwe');
INSERT INTO PROVINCIAS (PAIS_ID , PROVINCIA_ID , PROVINCIA) VALUES ('NLD','803','Huijbergen');
INSERT INTO PROVINCIAS (PAIS_ID , PROVINCIA_ID , PROVINCIA) VALUES ('NLD','804','Klundert');
INSERT INTO PROVINCIAS (PAIS_ID , PROVINCIA_ID , PROVINCIA) VALUES ('NLD','805','Leende');
INSERT INTO PROVINCIAS (PAIS_ID , PROVINCIA_ID , PROVINCIA) VALUES ('NLD','806','Liempde');
INSERT INTO PROVINCIAS (PAIS_ID , PROVINCIA_ID , PROVINCIA) VALUES ('NLD','807','Lieshout');
INSERT INTO PROVINCIAS (PAIS_ID , PROVINCIA_ID , PROVINCIA) VALUES ('NLD','808','Lith');
INSERT INTO PROVINCIAS (PAIS_ID , PROVINCIA_ID , PROVINCIA) VALUES ('NLD','809','Loon Op Zand');
INSERT INTO PROVINCIAS (PAIS_ID , PROVINCIA_ID , PROVINCIA) VALUES ('NLD','810','Luyksgestel');
INSERT INTO PROVINCIAS (PAIS_ID , PROVINCIA_ID , PROVINCIA) VALUES ('NLD','811','Maarheeze');
INSERT INTO PROVINCIAS (PAIS_ID , PROVINCIA_ID , PROVINCIA) VALUES ('NLD','812','Made En Drimmelen');
INSERT INTO PROVINCIAS (PAIS_ID , PROVINCIA_ID , PROVINCIA) VALUES ('NLD','814','Mierlo');
INSERT INTO PROVINCIAS (PAIS_ID , PROVINCIA_ID , PROVINCIA) VALUES ('NLD','815','Mill En Sint Hubert');
INSERT INTO PROVINCIAS (PAIS_ID , PROVINCIA_ID , PROVINCIA) VALUES ('NLD','816','Moergestel');
INSERT INTO PROVINCIAS (PAIS_ID , PROVINCIA_ID , PROVINCIA) VALUES ('NLD','817','Nieuw-Ginneken');
INSERT INTO PROVINCIAS (PAIS_ID , PROVINCIA_ID , PROVINCIA) VALUES ('NLD','818','Nieuw-Vossemeer');
INSERT INTO PROVINCIAS (PAIS_ID , PROVINCIA_ID , PROVINCIA) VALUES ('NLD','820','Nuenen,Gerwen En Nederwe');
INSERT INTO PROVINCIAS (PAIS_ID , PROVINCIA_ID , PROVINCIA) VALUES ('NLD','823','Oirschot');
INSERT INTO PROVINCIAS (PAIS_ID , PROVINCIA_ID , PROVINCIA) VALUES ('NLD','824','Oisterwijk');
INSERT INTO PROVINCIAS (PAIS_ID , PROVINCIA_ID , PROVINCIA) VALUES ('NLD','825','Oost-,West-En Middelbeer');
INSERT INTO PROVINCIAS (PAIS_ID , PROVINCIA_ID , PROVINCIA) VALUES ('NLD','826','Oosterhout');
INSERT INTO PROVINCIAS (PAIS_ID , PROVINCIA_ID , PROVINCIA) VALUES ('NLD','828','Oss');
INSERT INTO PROVINCIAS (PAIS_ID , PROVINCIA_ID , PROVINCIA) VALUES ('NLD','829','Ossendrecht');
INSERT INTO PROVINCIAS (PAIS_ID , PROVINCIA_ID , PROVINCIA) VALUES ('NLD','830','Oudenbosch');
INSERT INTO PROVINCIAS (PAIS_ID , PROVINCIA_ID , PROVINCIA) VALUES ('NLD','831','Oud En Nieuw Gastel');
INSERT INTO PROVINCIAS (PAIS_ID , PROVINCIA_ID , PROVINCIA) VALUES ('NLD','832','Prinsenbeek');
INSERT INTO PROVINCIAS (PAIS_ID , PROVINCIA_ID , PROVINCIA) VALUES ('NLD','833','Putte');
INSERT INTO PROVINCIAS (PAIS_ID , PROVINCIA_ID , PROVINCIA) VALUES ('NLD','834','Raamsdonk');
INSERT INTO PROVINCIAS (PAIS_ID , PROVINCIA_ID , PROVINCIA) VALUES ('NLD','835','Ravenstein');
INSERT INTO PROVINCIAS (PAIS_ID , PROVINCIA_ID , PROVINCIA) VALUES ('NLD','836','Reusel');
INSERT INTO PROVINCIAS (PAIS_ID , PROVINCIA_ID , PROVINCIA) VALUES ('NLD','837','Riethoven');
INSERT INTO PROVINCIAS (PAIS_ID , PROVINCIA_ID , PROVINCIA) VALUES ('NLD','838','Roosendaal En Nispen');
INSERT INTO PROVINCIAS (PAIS_ID , PROVINCIA_ID , PROVINCIA) VALUES ('NLD','839','Rosmalen');
INSERT INTO PROVINCIAS (PAIS_ID , PROVINCIA_ID , PROVINCIA) VALUES ('NLD','840','Rucphen');
INSERT INTO PROVINCIAS (PAIS_ID , PROVINCIA_ID , PROVINCIA) VALUES ('NLD','841','Rijsbergen');
INSERT INTO PROVINCIAS (PAIS_ID , PROVINCIA_ID , PROVINCIA) VALUES ('NLD','844','Schijndel');
INSERT INTO PROVINCIAS (PAIS_ID , PROVINCIA_ID , PROVINCIA) VALUES ('NLD','845','Sint Michielsgestel');
INSERT INTO PROVINCIAS (PAIS_ID , PROVINCIA_ID , PROVINCIA) VALUES ('NLD','846','Sint Oedenrode');
INSERT INTO PROVINCIAS (PAIS_ID , PROVINCIA_ID , PROVINCIA) VALUES ('NLD','847','Someren');
INSERT INTO PROVINCIAS (PAIS_ID , PROVINCIA_ID , PROVINCIA) VALUES ('NLD','848','Son En Breugel');
INSERT INTO PROVINCIAS (PAIS_ID , PROVINCIA_ID , PROVINCIA) VALUES ('NLD','849','Sprang-Capelle');
INSERT INTO PROVINCIAS (PAIS_ID , PROVINCIA_ID , PROVINCIA) VALUES ('NLD','850','Standdaarbuiten');
INSERT INTO PROVINCIAS (PAIS_ID , PROVINCIA_ID , PROVINCIA) VALUES ('NLD','851','Steenbergen');
INSERT INTO PROVINCIAS (PAIS_ID , PROVINCIA_ID , PROVINCIA) VALUES ('NLD','852','Waterland');
INSERT INTO PROVINCIAS (PAIS_ID , PROVINCIA_ID , PROVINCIA) VALUES ('NLD','853','Terheijden');
INSERT INTO PROVINCIAS (PAIS_ID , PROVINCIA_ID , PROVINCIA) VALUES ('NLD','854','Teteringen');
INSERT INTO PROVINCIAS (PAIS_ID , PROVINCIA_ID , PROVINCIA) VALUES ('NLD','855','Tilburg');
INSERT INTO PROVINCIAS (PAIS_ID , PROVINCIA_ID , PROVINCIA) VALUES ('NLD','856','Uden');
INSERT INTO PROVINCIAS (PAIS_ID , PROVINCIA_ID , PROVINCIA) VALUES ('NLD','857','Udenhout');
INSERT INTO PROVINCIAS (PAIS_ID , PROVINCIA_ID , PROVINCIA) VALUES ('NLD','858','Valkenswaard');
INSERT INTO PROVINCIAS (PAIS_ID , PROVINCIA_ID , PROVINCIA) VALUES ('NLD','860','Veghel');
INSERT INTO PROVINCIAS (PAIS_ID , PROVINCIA_ID , PROVINCIA) VALUES ('NLD','861','Veldhoven');
INSERT INTO PROVINCIAS (PAIS_ID , PROVINCIA_ID , PROVINCIA) VALUES ('NLD','862','Vessem,Wintelre En Knegs');
INSERT INTO PROVINCIAS (PAIS_ID , PROVINCIA_ID , PROVINCIA) VALUES ('NLD','863','Vierlingsbeek');
INSERT INTO PROVINCIAS (PAIS_ID , PROVINCIA_ID , PROVINCIA) VALUES ('NLD','864','Vlijmen');
INSERT INTO PROVINCIAS (PAIS_ID , PROVINCIA_ID , PROVINCIA) VALUES ('NLD','865','Vught');
INSERT INTO PROVINCIAS (PAIS_ID , PROVINCIA_ID , PROVINCIA) VALUES ('NLD','866','Waalre');
INSERT INTO PROVINCIAS (PAIS_ID , PROVINCIA_ID , PROVINCIA) VALUES ('NLD','867','Waalwijk');
INSERT INTO PROVINCIAS (PAIS_ID , PROVINCIA_ID , PROVINCIA) VALUES ('NLD','869','Waspik');
INSERT INTO PROVINCIAS (PAIS_ID , PROVINCIA_ID , PROVINCIA) VALUES ('NLD','870','Werkendam');
INSERT INTO PROVINCIAS (PAIS_ID , PROVINCIA_ID , PROVINCIA) VALUES ('NLD','871','Westerhoven');
INSERT INTO PROVINCIAS (PAIS_ID , PROVINCIA_ID , PROVINCIA) VALUES ('NLD','872','Willemstad');
INSERT INTO PROVINCIAS (PAIS_ID , PROVINCIA_ID , PROVINCIA) VALUES ('NLD','873','Woensdrecht');
INSERT INTO PROVINCIAS (PAIS_ID , PROVINCIA_ID , PROVINCIA) VALUES ('NLD','874','Woudrichem');
INSERT INTO PROVINCIAS (PAIS_ID , PROVINCIA_ID , PROVINCIA) VALUES ('NLD','875','Wouw');
INSERT INTO PROVINCIAS (PAIS_ID , PROVINCIA_ID , PROVINCIA) VALUES ('NLD','878','Zevenbergen');
INSERT INTO PROVINCIAS (PAIS_ID , PROVINCIA_ID , PROVINCIA) VALUES ('NLD','879','Zundert');
INSERT INTO PROVINCIAS (PAIS_ID , PROVINCIA_ID , PROVINCIA) VALUES ('NLD','880','Wormerland');
INSERT INTO PROVINCIAS (PAIS_ID , PROVINCIA_ID , PROVINCIA) VALUES ('NLD','881','Onderbanken');
INSERT INTO PROVINCIAS (PAIS_ID , PROVINCIA_ID , PROVINCIA) VALUES ('NLD','882','Landgraaf');
INSERT INTO PROVINCIAS (PAIS_ID , PROVINCIA_ID , PROVINCIA) VALUES ('NLD','885','Arcen En Velden');
INSERT INTO PROVINCIAS (PAIS_ID , PROVINCIA_ID , PROVINCIA) VALUES ('NLD','888','Beek (L)');
INSERT INTO PROVINCIAS (PAIS_ID , PROVINCIA_ID , PROVINCIA) VALUES ('NLD','889','Beesel');
INSERT INTO PROVINCIAS (PAIS_ID , PROVINCIA_ID , PROVINCIA) VALUES ('NLD','890','Belfeld');
INSERT INTO PROVINCIAS (PAIS_ID , PROVINCIA_ID , PROVINCIA) VALUES ('NLD','893','Bergen (L)');
INSERT INTO PROVINCIAS (PAIS_ID , PROVINCIA_ID , PROVINCIA) VALUES ('NLD','897','Born');
INSERT INTO PROVINCIAS (PAIS_ID , PROVINCIA_ID , PROVINCIA) VALUES ('NLD','898','Broekhuizen');
INSERT INTO PROVINCIAS (PAIS_ID , PROVINCIA_ID , PROVINCIA) VALUES ('NLD','899','Brunssum');
INSERT INTO PROVINCIAS (PAIS_ID , PROVINCIA_ID , PROVINCIA) VALUES ('NLD','902','Echt');
INSERT INTO PROVINCIAS (PAIS_ID , PROVINCIA_ID , PROVINCIA) VALUES ('NLD','905','Eijsden');
INSERT INTO PROVINCIAS (PAIS_ID , PROVINCIA_ID , PROVINCIA) VALUES ('NLD','906','Geleen');
INSERT INTO PROVINCIAS (PAIS_ID , PROVINCIA_ID , PROVINCIA) VALUES ('NLD','907','Gennep');
INSERT INTO PROVINCIAS (PAIS_ID , PROVINCIA_ID , PROVINCIA) VALUES ('NLD','912','Grubbenvorst');
INSERT INTO PROVINCIAS (PAIS_ID , PROVINCIA_ID , PROVINCIA) VALUES ('NLD','913','Gulpen');
INSERT INTO PROVINCIAS (PAIS_ID , PROVINCIA_ID , PROVINCIA) VALUES ('NLD','914','Haelen');
INSERT INTO PROVINCIAS (PAIS_ID , PROVINCIA_ID , PROVINCIA) VALUES ('NLD','917','Heerlen');
INSERT INTO PROVINCIAS (PAIS_ID , PROVINCIA_ID , PROVINCIA) VALUES ('NLD','918','Helden');
INSERT INTO PROVINCIAS (PAIS_ID , PROVINCIA_ID , PROVINCIA) VALUES ('NLD','920','Heythuysen');
INSERT INTO PROVINCIAS (PAIS_ID , PROVINCIA_ID , PROVINCIA) VALUES ('NLD','923','Horst');
INSERT INTO PROVINCIAS (PAIS_ID , PROVINCIA_ID , PROVINCIA) VALUES ('NLD','925','Hunsel');
INSERT INTO PROVINCIAS (PAIS_ID , PROVINCIA_ID , PROVINCIA) VALUES ('NLD','928','Kerkrade');
INSERT INTO PROVINCIAS (PAIS_ID , PROVINCIA_ID , PROVINCIA) VALUES ('NLD','929','Kessel');
INSERT INTO PROVINCIAS (PAIS_ID , PROVINCIA_ID , PROVINCIA) VALUES ('NLD','933','Maasbracht');
INSERT INTO PROVINCIAS (PAIS_ID , PROVINCIA_ID , PROVINCIA) VALUES ('NLD','934','Maasbree');
INSERT INTO PROVINCIAS (PAIS_ID , PROVINCIA_ID , PROVINCIA) VALUES ('NLD','935','Maastricht');
INSERT INTO PROVINCIAS (PAIS_ID , PROVINCIA_ID , PROVINCIA) VALUES ('NLD','936','Margraten');
INSERT INTO PROVINCIAS (PAIS_ID , PROVINCIA_ID , PROVINCIA) VALUES ('NLD','937','Heel');
INSERT INTO PROVINCIAS (PAIS_ID , PROVINCIA_ID , PROVINCIA) VALUES ('NLD','938','Meerssen');
INSERT INTO PROVINCIAS (PAIS_ID , PROVINCIA_ID , PROVINCIA) VALUES ('NLD','941','Meijel');
INSERT INTO PROVINCIAS (PAIS_ID , PROVINCIA_ID , PROVINCIA) VALUES ('NLD','944','Mook En Middelaar');
INSERT INTO PROVINCIAS (PAIS_ID , PROVINCIA_ID , PROVINCIA) VALUES ('NLD','946','Nederweert');
INSERT INTO PROVINCIAS (PAIS_ID , PROVINCIA_ID , PROVINCIA) VALUES ('NLD','951','Nuth');
INSERT INTO PROVINCIAS (PAIS_ID , PROVINCIA_ID , PROVINCIA) VALUES ('NLD','957','Roermond');
INSERT INTO PROVINCIAS (PAIS_ID , PROVINCIA_ID , PROVINCIA) VALUES ('NLD','962','Schinnen');
INSERT INTO PROVINCIAS (PAIS_ID , PROVINCIA_ID , PROVINCIA) VALUES ('NLD','964','Sevenum');
INSERT INTO PROVINCIAS (PAIS_ID , PROVINCIA_ID , PROVINCIA) VALUES ('NLD','965','Simpelveld');
INSERT INTO PROVINCIAS (PAIS_ID , PROVINCIA_ID , PROVINCIA) VALUES ('NLD','968','Sittard');
INSERT INTO PROVINCIAS (PAIS_ID , PROVINCIA_ID , PROVINCIA) VALUES ('NLD','971','Stein');
INSERT INTO PROVINCIAS (PAIS_ID , PROVINCIA_ID , PROVINCIA) VALUES ('NLD','973','Stramproy');
INSERT INTO PROVINCIAS (PAIS_ID , PROVINCIA_ID , PROVINCIA) VALUES ('NLD','974','Susteren');
INSERT INTO PROVINCIAS (PAIS_ID , PROVINCIA_ID , PROVINCIA) VALUES ('NLD','975','Swalmen');
INSERT INTO PROVINCIAS (PAIS_ID , PROVINCIA_ID , PROVINCIA) VALUES ('NLD','976','Tegelen');
INSERT INTO PROVINCIAS (PAIS_ID , PROVINCIA_ID , PROVINCIA) VALUES ('NLD','977','Thorn');
INSERT INTO PROVINCIAS (PAIS_ID , PROVINCIA_ID , PROVINCIA) VALUES ('NLD','981','Vaals');
INSERT INTO PROVINCIAS (PAIS_ID , PROVINCIA_ID , PROVINCIA) VALUES ('NLD','983','Venlo');
INSERT INTO PROVINCIAS (PAIS_ID , PROVINCIA_ID , PROVINCIA) VALUES ('NLD','984','Venray');
INSERT INTO PROVINCIAS (PAIS_ID , PROVINCIA_ID , PROVINCIA) VALUES ('NLD','986','Voerendaal');
INSERT INTO PROVINCIAS (PAIS_ID , PROVINCIA_ID , PROVINCIA) VALUES ('NLD','987','Menterwolde');
INSERT INTO PROVINCIAS (PAIS_ID , PROVINCIA_ID , PROVINCIA) VALUES ('NLD','988','Weert');
INSERT INTO PROVINCIAS (PAIS_ID , PROVINCIA_ID , PROVINCIA) VALUES ('NLD','990','Wittem');
INSERT INTO PROVINCIAS (PAIS_ID , PROVINCIA_ID , PROVINCIA) VALUES ('NLD','993','Meerlo-Wanssum');
INSERT INTO PROVINCIAS (PAIS_ID , PROVINCIA_ID , PROVINCIA) VALUES ('NLD','994','Valkenburg A/D Geul');
INSERT INTO PROVINCIAS (PAIS_ID , PROVINCIA_ID , PROVINCIA) VALUES ('NLD','995','Lelystad');
INSERT INTO PROVINCIAS (PAIS_ID , PROVINCIA_ID , PROVINCIA) VALUES ('NLD','996','Zuidelijke Ijsselmeerpol');
INSERT INTO PROVINCIAS (PAIS_ID , PROVINCIA_ID , PROVINCIA) VALUES ('SWE','ASS','NASSJO');
INSERT INTO PROVINCIAS (PAIS_ID , PROVINCIA_ID , PROVINCIA) VALUES ('USA','AK','Alaska');
INSERT INTO PROVINCIAS (PAIS_ID , PROVINCIA_ID , PROVINCIA) VALUES ('USA','AL','Alabama');
INSERT INTO PROVINCIAS (PAIS_ID , PROVINCIA_ID , PROVINCIA) VALUES ('USA','AR','Arkansas');
INSERT INTO PROVINCIAS (PAIS_ID , PROVINCIA_ID , PROVINCIA) VALUES ('USA','AS','American Samoa');
INSERT INTO PROVINCIAS (PAIS_ID , PROVINCIA_ID , PROVINCIA) VALUES ('USA','AZ','Arizona');
INSERT INTO PROVINCIAS (PAIS_ID , PROVINCIA_ID , PROVINCIA) VALUES ('USA','CA','California');
INSERT INTO PROVINCIAS (PAIS_ID , PROVINCIA_ID , PROVINCIA) VALUES ('USA','CO','Colorado');
INSERT INTO PROVINCIAS (PAIS_ID , PROVINCIA_ID , PROVINCIA) VALUES ('USA','CT','Connecticut');
INSERT INTO PROVINCIAS (PAIS_ID , PROVINCIA_ID , PROVINCIA) VALUES ('USA','DC','District of Columbia');
INSERT INTO PROVINCIAS (PAIS_ID , PROVINCIA_ID , PROVINCIA) VALUES ('USA','DE','Delaware');
INSERT INTO PROVINCIAS (PAIS_ID , PROVINCIA_ID , PROVINCIA) VALUES ('USA','FL','Florida');
INSERT INTO PROVINCIAS (PAIS_ID , PROVINCIA_ID , PROVINCIA) VALUES ('USA','GA','Georgia');
INSERT INTO PROVINCIAS (PAIS_ID , PROVINCIA_ID , PROVINCIA) VALUES ('USA','GU','Guam');
INSERT INTO PROVINCIAS (PAIS_ID , PROVINCIA_ID , PROVINCIA) VALUES ('USA','HI','Hawaii');
INSERT INTO PROVINCIAS (PAIS_ID , PROVINCIA_ID , PROVINCIA) VALUES ('USA','IA','Iowa');
INSERT INTO PROVINCIAS (PAIS_ID , PROVINCIA_ID , PROVINCIA) VALUES ('USA','ID','Idaho');
INSERT INTO PROVINCIAS (PAIS_ID , PROVINCIA_ID , PROVINCIA) VALUES ('USA','IL','Illinois');
INSERT INTO PROVINCIAS (PAIS_ID , PROVINCIA_ID , PROVINCIA) VALUES ('USA','IN','Indiana');
INSERT INTO PROVINCIAS (PAIS_ID , PROVINCIA_ID , PROVINCIA) VALUES ('USA','KS','Kansas');
INSERT INTO PROVINCIAS (PAIS_ID , PROVINCIA_ID , PROVINCIA) VALUES ('USA','KY','Kentucky');
INSERT INTO PROVINCIAS (PAIS_ID , PROVINCIA_ID , PROVINCIA) VALUES ('USA','LA','Louisiana');
INSERT INTO PROVINCIAS (PAIS_ID , PROVINCIA_ID , PROVINCIA) VALUES ('USA','MA','Massachusetts');
INSERT INTO PROVINCIAS (PAIS_ID , PROVINCIA_ID , PROVINCIA) VALUES ('USA','MD','Maryland');
INSERT INTO PROVINCIAS (PAIS_ID , PROVINCIA_ID , PROVINCIA) VALUES ('USA','ME','Maine');
INSERT INTO PROVINCIAS (PAIS_ID , PROVINCIA_ID , PROVINCIA) VALUES ('USA','MI','Michigan');
INSERT INTO PROVINCIAS (PAIS_ID , PROVINCIA_ID , PROVINCIA) VALUES ('USA','MN','Minnesota');
INSERT INTO PROVINCIAS (PAIS_ID , PROVINCIA_ID , PROVINCIA) VALUES ('USA','MO','Missouri');
INSERT INTO PROVINCIAS (PAIS_ID , PROVINCIA_ID , PROVINCIA) VALUES ('USA','MS','Mississippi');
INSERT INTO PROVINCIAS (PAIS_ID , PROVINCIA_ID , PROVINCIA) VALUES ('USA','MT','Montana');
INSERT INTO PROVINCIAS (PAIS_ID , PROVINCIA_ID , PROVINCIA) VALUES ('USA','NC','North Carolina');
INSERT INTO PROVINCIAS (PAIS_ID , PROVINCIA_ID , PROVINCIA) VALUES ('USA','ND','North Dakota');
INSERT INTO PROVINCIAS (PAIS_ID , PROVINCIA_ID , PROVINCIA) VALUES ('USA','NE','Nebraska');
INSERT INTO PROVINCIAS (PAIS_ID , PROVINCIA_ID , PROVINCIA) VALUES ('USA','NH','New Hampshire');
INSERT INTO PROVINCIAS (PAIS_ID , PROVINCIA_ID , PROVINCIA) VALUES ('USA','NJ','New Jersey');
INSERT INTO PROVINCIAS (PAIS_ID , PROVINCIA_ID , PROVINCIA) VALUES ('USA','NM','New Mexico');
INSERT INTO PROVINCIAS (PAIS_ID , PROVINCIA_ID , PROVINCIA) VALUES ('USA','NV','Nevada');
INSERT INTO PROVINCIAS (PAIS_ID , PROVINCIA_ID , PROVINCIA) VALUES ('USA','NY','New York');
INSERT INTO PROVINCIAS (PAIS_ID , PROVINCIA_ID , PROVINCIA) VALUES ('USA','OH','Ohio');
INSERT INTO PROVINCIAS (PAIS_ID , PROVINCIA_ID , PROVINCIA) VALUES ('USA','OK','Oklahoma');
INSERT INTO PROVINCIAS (PAIS_ID , PROVINCIA_ID , PROVINCIA) VALUES ('USA','OR','Oregon');
INSERT INTO PROVINCIAS (PAIS_ID , PROVINCIA_ID , PROVINCIA) VALUES ('USA','PA','Pennsylvania');
INSERT INTO PROVINCIAS (PAIS_ID , PROVINCIA_ID , PROVINCIA) VALUES ('USA','PR','Puerto Rico');
INSERT INTO PROVINCIAS (PAIS_ID , PROVINCIA_ID , PROVINCIA) VALUES ('USA','RI','Rhode Island');
INSERT INTO PROVINCIAS (PAIS_ID , PROVINCIA_ID , PROVINCIA) VALUES ('USA','SC','South Carolina');
INSERT INTO PROVINCIAS (PAIS_ID , PROVINCIA_ID , PROVINCIA) VALUES ('USA','SD','South Dakota');
INSERT INTO PROVINCIAS (PAIS_ID , PROVINCIA_ID , PROVINCIA) VALUES ('USA','TN','Tennessee');
INSERT INTO PROVINCIAS (PAIS_ID , PROVINCIA_ID , PROVINCIA) VALUES ('USA','TX','Texas');
INSERT INTO PROVINCIAS (PAIS_ID , PROVINCIA_ID , PROVINCIA) VALUES ('USA','UT','Utah');
INSERT INTO PROVINCIAS (PAIS_ID , PROVINCIA_ID , PROVINCIA) VALUES ('USA','VA','Virginia');
INSERT INTO PROVINCIAS (PAIS_ID , PROVINCIA_ID , PROVINCIA) VALUES ('USA','VI','Virgin Islands');
INSERT INTO PROVINCIAS (PAIS_ID , PROVINCIA_ID , PROVINCIA) VALUES ('USA','VT','Vermont');
INSERT INTO PROVINCIAS (PAIS_ID , PROVINCIA_ID , PROVINCIA) VALUES ('USA','WA','Washington');
INSERT INTO PROVINCIAS (PAIS_ID , PROVINCIA_ID , PROVINCIA) VALUES ('USA','WI','Wisconsin');
INSERT INTO PROVINCIAS (PAIS_ID , PROVINCIA_ID , PROVINCIA) VALUES ('USA','WV','West Virginia');
INSERT INTO PROVINCIAS (PAIS_ID , PROVINCIA_ID , PROVINCIA) VALUES ('USA','WY','Wyoming');


INSERT INTO DEPORTES (DEPORTE_ID, DESCRIPCION, MAX_JUGADORES) VALUES (1, 'Futbol 5', 10);
INSERT INTO DEPORTES (DEPORTE_ID, DESCRIPCION, MAX_JUGADORES) VALUES (2, 'Futbol 11', 18);
INSERT INTO DEPORTES (DEPORTE_ID, DESCRIPCION, MAX_JUGADORES) VALUES (3, 'Tenis Individual', 1);
INSERT INTO DEPORTES (DEPORTE_ID, DESCRIPCION, MAX_JUGADORES) VALUES (4, 'Tenis Dobles', 2);
INSERT INTO DEPORTES (DEPORTE_ID, DESCRIPCION, MAX_JUGADORES) VALUES (5, 'Basket', 12);
INSERT INTO DEPORTES (DEPORTE_ID, DESCRIPCION, MAX_JUGADORES) VALUES (6, 'Volley', 12);
INSERT INTO DEPORTES (DEPORTE_ID, DESCRIPCION, MAX_JUGADORES) VALUES (7, 'Paddle Individual', 1);
INSERT INTO DEPORTES (DEPORTE_ID, DESCRIPCION, MAX_JUGADORES) VALUES (8, 'Paddle Dobles', 2);
INSERT INTO DEPORTES (DEPORTE_ID, DESCRIPCION, MAX_JUGADORES) VALUES (9, 'Rugby', 35);
INSERT INTO DEPORTES (DEPORTE_ID, DESCRIPCION, MAX_JUGADORES) VALUES (10, 'Golf', 1);

INSERT INTO TIPOS_TORNEO (TIPO_TORNEO_ID, DESCRIPCION) VALUES ('L', 'Liga');
INSERT INTO TIPOS_TORNEO (TIPO_TORNEO_ID, DESCRIPCION) VALUES ('C', 'Copa');
INSERT INTO TIPOS_TORNEO (TIPO_TORNEO_ID, DESCRIPCION) VALUES ('T', 'Torneo Ida y Vuelta');

INSERT INTO SEDES (SEDE_ID, NOMBRE, PAIS_ID, PROVINCIA_ID, CODIGO_POSTAL, CALLE, ALTURA, TELEFONO, DETALLES) VALUES (1, 'La Popular', 'ARG', 'BUE', '1752', 'Costa Rica', 80, '4655-2212', NULL);
INSERT INTO SEDES (SEDE_ID, NOMBRE, PAIS_ID, PROVINCIA_ID, CODIGO_POSTAL, CALLE, ALTURA, TELEFONO, DETALLES) VALUES (2, 'Complejo Norte', 'ARG', 'BUE', '1222', 'Av Juan B Justo', 1101, '2344-5312', 'Entre Venezuela y Bolivar');

INSERT INTO TORNEOS (TORNEO_ID, NOMBRE, DEPORTE_ID, TIPO_TORNEO_ID, CANTIDAD_EQUIPOS, FECHA_INICIO, SEDE_ID) VALUES (1, 'Torneo DaVinci', 1, 'L', 2, NULL, 2);
INSERT INTO TORNEOS (TORNEO_ID, NOMBRE, DEPORTE_ID, TIPO_TORNEO_ID, CANTIDAD_EQUIPOS, FECHA_INICIO, SEDE_ID) VALUES (2, 'Roland Garros', 4, 'C', 32,  '2016-12-01', 2);

INSERT INTO USUARIOS (USUARIO_ID, PASSWORD, NOMBRE, APELLIDO, EMAIL, ACTIVO, TELEFONO, ULTIMA_VEZ_ONLINE) VALUES ('facundoS',  '7110eda4d09e062aa5e4a390b0a572ac0d2c0220', 'Facundo', 'Salerno', 'facundo.salerno@davinci.edu.ar', '1', '4655-1231',  '2016-10-01');
INSERT INTO USUARIOS (USUARIO_ID, PASSWORD, NOMBRE, APELLIDO, EMAIL, ACTIVO, TELEFONO, ULTIMA_VEZ_ONLINE) VALUES ('mauritoI',  '7110eda4d09e062aa5e4a390b0a572ac0d2c0220', 'Mauro', 'Iglesias', 'mauro.iglesias@davinci.edu.ar', '1', '4532-3123',  '2016-10-01');
INSERT INTO USUARIOS (USUARIO_ID, PASSWORD, NOMBRE, APELLIDO, EMAIL, ACTIVO, TELEFONO, ULTIMA_VEZ_ONLINE) VALUES ('claudioS',  '7110eda4d09e062aa5e4a390b0a572ac0d2c0220', 'Claudio', 'Serrano', 'claudio.serrano@davinci.edu.ar', '1', '1123-1231',  '2016-10-01');
INSERT INTO USUARIOS (USUARIO_ID, PASSWORD, NOMBRE, APELLIDO, EMAIL, ACTIVO, TELEFONO, ULTIMA_VEZ_ONLINE) VALUES ('hugoP',     '7110eda4d09e062aa5e4a390b0a572ac0d2c0220', 'Hugo', 'Pereyra', 'hugo.pereyra@davinci.edu.ar', '1', '1231-4123',  '2016-10-01');
INSERT INTO USUARIOS (USUARIO_ID, PASSWORD, NOMBRE, APELLIDO, EMAIL, ACTIVO, TELEFONO, ULTIMA_VEZ_ONLINE) VALUES ('francoA',   '7110eda4d09e062aa5e4a390b0a572ac0d2c0220', 'Franco', 'Arias', 'franco.arias@davinci.edu.ar', '1', '1233-1232',  '2016-10-01');
INSERT INTO USUARIOS (USUARIO_ID, PASSWORD, NOMBRE, APELLIDO, EMAIL, ACTIVO, TELEFONO, ULTIMA_VEZ_ONLINE) VALUES ('estebanI',  '7110eda4d09e062aa5e4a390b0a572ac0d2c0220', 'Esteban', 'Iglesias', 'carlos.iglesias@davinci.edu.ar', '1', '3241-1232',  '2016-10-01');
INSERT INTO USUARIOS (USUARIO_ID, PASSWORD, NOMBRE, APELLIDO, EMAIL, ACTIVO, TELEFONO, ULTIMA_VEZ_ONLINE) VALUES ('brianR',    '7110eda4d09e062aa5e4a390b0a572ac0d2c0220', 'Brian', 'Rodriguez', 'brian.rodriguez@davinci.edu.ar', '1', '3241-1232',  '2016-10-01');
INSERT INTO USUARIOS (USUARIO_ID, PASSWORD, NOMBRE, APELLIDO, EMAIL, ACTIVO, TELEFONO, ULTIMA_VEZ_ONLINE) VALUES ('marceloT',  '7110eda4d09e062aa5e4a390b0a572ac0d2c0220', 'Marcelo', 'Tulián', 'marcelo.tulian@davinci.edu.ar', '1', '3241-1232',  '2016-10-01');
INSERT INTO USUARIOS (USUARIO_ID, PASSWORD, NOMBRE, APELLIDO, EMAIL, ACTIVO, TELEFONO, ULTIMA_VEZ_ONLINE) VALUES ('leonardoT', '7110eda4d09e062aa5e4a390b0a572ac0d2c0220', 'Leonardo', 'Tulián', 'leonardo.tulian@davinci.edu.ar', '1', '3241-1232',  '2016-10-01');
INSERT INTO USUARIOS (USUARIO_ID, PASSWORD, NOMBRE, APELLIDO, EMAIL, ACTIVO, TELEFONO, ULTIMA_VEZ_ONLINE) VALUES ('javierP',   '7110eda4d09e062aa5e4a390b0a572ac0d2c0220', 'Javier', 'Pereyra', 'javier.pereyta@davinci.edu.ar', '1', '3241-1232',  '2016-10-01');
INSERT INTO USUARIOS (USUARIO_ID, PASSWORD, NOMBRE, APELLIDO, EMAIL, ACTIVO, TELEFONO, ULTIMA_VEZ_ONLINE) VALUES ('lucianoF',  '7110eda4d09e062aa5e4a390b0a572ac0d2c0220', 'Luciano', 'Fox', 'luciano.fox@davinci.edu.ar', '1', '1232-5411',  '2016-10-01');
INSERT INTO USUARIOS (USUARIO_ID, PASSWORD, NOMBRE, APELLIDO, EMAIL, ACTIVO, TELEFONO, ULTIMA_VEZ_ONLINE) VALUES ('cristianC', '7110eda4d09e062aa5e4a390b0a572ac0d2c0220', 'Cristian', 'Corey', 'cristian.corey@dvinci.edu.ar', '1', '1234-1231',  '2016-10-01');
INSERT INTO USUARIOS (USUARIO_ID, PASSWORD, NOMBRE, APELLIDO, EMAIL, ACTIVO, TELEFONO, ULTIMA_VEZ_ONLINE) VALUES ('gonzaloV',  '7110eda4d09e062aa5e4a390b0a572ac0d2c0220', 'Gonzalo', 'Vicens', 'gonzalo.vicens@davinci.edu.ar', '1', '1232-2322',  '2016-10-01');
INSERT INTO USUARIOS (USUARIO_ID, PASSWORD, NOMBRE, APELLIDO, EMAIL, ACTIVO, TELEFONO, ULTIMA_VEZ_ONLINE) VALUES ('jeronimoB', '7110eda4d09e062aa5e4a390b0a572ac0d2c0220', 'Jeronimo', 'Brandalise', 'jeronimo.brandalise@davinci.edu.ar', '1', '2133-5454',  '2016-10-01');
INSERT INTO USUARIOS (USUARIO_ID, PASSWORD, NOMBRE, APELLIDO, EMAIL, ACTIVO, TELEFONO, ULTIMA_VEZ_ONLINE) VALUES ('fernandoG', '7110eda4d09e062aa5e4a390b0a572ac0d2c0220', 'Fernando', 'García', 'fernando.garcia@davinci.edu.ar', '1', '6758-1232',  '2016-10-01');
INSERT INTO USUARIOS (USUARIO_ID, PASSWORD, NOMBRE, APELLIDO, EMAIL, ACTIVO, TELEFONO, ULTIMA_VEZ_ONLINE) VALUES ('sebastianL','7110eda4d09e062aa5e4a390b0a572ac0d2c0220', 'Sebastián', 'Leonelli', 'sebastian.leonelli@davinci.edu.ar', '1', '4531-6546',  '2016-10-01');
INSERT INTO USUARIOS (USUARIO_ID, PASSWORD, NOMBRE, APELLIDO, EMAIL, ACTIVO, TELEFONO, ULTIMA_VEZ_ONLINE) VALUES ('jeffersonC','7110eda4d09e062aa5e4a390b0a572ac0d2c0220', 'Jefferson', 'Cartagena', 'jefferson.cartagena@davinci.edu.ar', '1', '2345-6354',  '2016-10-01');
INSERT INTO USUARIOS (USUARIO_ID, PASSWORD, NOMBRE, APELLIDO, EMAIL, ACTIVO, TELEFONO, ULTIMA_VEZ_ONLINE) VALUES ('germanR',   '7110eda4d09e062aa5e4a390b0a572ac0d2c0220', 'German', 'Rodriguez', 'german.rodriguez@davinci.edu.ar', '1', NULL,  '2016-10-01');
INSERT INTO USUARIOS (USUARIO_ID, PASSWORD, NOMBRE, APELLIDO, EMAIL, ACTIVO, TELEFONO, ULTIMA_VEZ_ONLINE) VALUES ('federicoN', '7110eda4d09e062aa5e4a390b0a572ac0d2c0220', 'Federico', 'Noto', 'federico.noto@davinci.edu.ar', '1', NULL,  '2016-10-01');
INSERT INTO USUARIOS (USUARIO_ID, PASSWORD, NOMBRE, APELLIDO, EMAIL, ACTIVO, TELEFONO, ULTIMA_VEZ_ONLINE) VALUES ('juanB',     '7110eda4d09e062aa5e4a390b0a572ac0d2c0220', 'Juan', 'Belloti', 'juan.belloti@davinci.edu.ar', '1', NULL,  '2016-10-01');
INSERT INTO USUARIOS (USUARIO_ID, PASSWORD, NOMBRE, APELLIDO, EMAIL, ACTIVO, TELEFONO, ULTIMA_VEZ_ONLINE) VALUES ('ignacioA',  '7110eda4d09e062aa5e4a390b0a572ac0d2c0220', 'Ignacio', 'Alaniz', 'ignacio.alaniz@davinci.edu.ar', '1', NULL,  '2016-10-01');
INSERT INTO USUARIOS (USUARIO_ID, PASSWORD, NOMBRE, APELLIDO, EMAIL, ACTIVO, TELEFONO, ULTIMA_VEZ_ONLINE) VALUES ('ricardoR',  '7110eda4d09e062aa5e4a390b0a572ac0d2c0220', 'Ricardo', 'Rodriguez', 'ricardo.rodriguez@davinci.edu.ar', '1', NULL,  '2016-10-01');
INSERT INTO USUARIOS (USUARIO_ID, PASSWORD, NOMBRE, APELLIDO, EMAIL, ACTIVO, TELEFONO, ULTIMA_VEZ_ONLINE) VALUES ('cristianF', '7110eda4d09e062aa5e4a390b0a572ac0d2c0220', 'Cristian', 'Fabregat', 'cristian.fabregat@davinci.edu.ar', '1', NULL,  '2016-10-01');
INSERT INTO USUARIOS (USUARIO_ID, PASSWORD, NOMBRE, APELLIDO, EMAIL, ACTIVO, TELEFONO, ULTIMA_VEZ_ONLINE) VALUES ('mabelG',    '7110eda4d09e062aa5e4a390b0a572ac0d2c0220', 'Mabel', 'Garcia', 'mabel.garcia@davinci.edu.ar', '1', '1235-8521',  '2016-10-01');
INSERT INTO USUARIOS (USUARIO_ID, PASSWORD, NOMBRE, APELLIDO, EMAIL, ACTIVO, TELEFONO, ULTIMA_VEZ_ONLINE) VALUES ('vanesaP',   '7110eda4d09e062aa5e4a390b0a572ac0d2c0220', 'José F.', 'Etchassoc', 'vanesa.ponce@davinci.edu.ar', '1',  null,  '2016-10-01');
INSERT INTO USUARIOS (USUARIO_ID, PASSWORD, NOMBRE, APELLIDO, EMAIL, ACTIVO, TELEFONO, ULTIMA_VEZ_ONLINE) VALUES ('usuario1',   '7110eda4d09e062aa5e4a390b0a572ac0d2c0220', 'Rómulo H.', 'Aquitado', 'vanesa.ponce@davinci.edu.ar', '1', null,  '2016-10-01');
INSERT INTO USUARIOS (USUARIO_ID, PASSWORD, NOMBRE, APELLIDO, EMAIL, ACTIVO, TELEFONO, ULTIMA_VEZ_ONLINE) VALUES ('usuario2',   '7110eda4d09e062aa5e4a390b0a572ac0d2c0220', 'Elías', 'Pereza', 'vanesa.ponce@davinci.edu.ar', '1', null,  '2016-10-01');
INSERT INTO USUARIOS (USUARIO_ID, PASSWORD, NOMBRE, APELLIDO, EMAIL, ACTIVO, TELEFONO, ULTIMA_VEZ_ONLINE) VALUES ('usuario3',   '7110eda4d09e062aa5e4a390b0a572ac0d2c0220', 'Brian', 'De La Mano', 'vanesa.ponce@davinci.edu.ar', '1', null,  '2016-10-01');
INSERT INTO USUARIOS (USUARIO_ID, PASSWORD, NOMBRE, APELLIDO, EMAIL, ACTIVO, TELEFONO, ULTIMA_VEZ_ONLINE) VALUES ('usuario4',   '7110eda4d09e062aa5e4a390b0a572ac0d2c0220', 'Alberto', 'Tronchado', 'vanesa.ponce@davinci.edu.ar', '1', null,  '2016-10-01');
INSERT INTO USUARIOS (USUARIO_ID, PASSWORD, NOMBRE, APELLIDO, EMAIL, ACTIVO, TELEFONO, ULTIMA_VEZ_ONLINE) VALUES ('usuario5',   '7110eda4d09e062aa5e4a390b0a572ac0d2c0220', 'Silvio', 'Roscazo', 'vanesa.ponce@davinci.edu.ar', '1', null,  '2016-10-01');
INSERT INTO USUARIOS (USUARIO_ID, PASSWORD, NOMBRE, APELLIDO, EMAIL, ACTIVO, TELEFONO, ULTIMA_VEZ_ONLINE) VALUES ('usuario6',   '7110eda4d09e062aa5e4a390b0a572ac0d2c0220', 'Francisco', 'Guaymayén', 'vanesa.ponce@davinci.edu.ar', '1', null,  '2016-10-01');


INSERT INTO EQUIPOS (EQUIPO_ID, NOMBRE, CAPITAN_ID, ACTIVO) VALUES (1, 'PHP Futbol Club', 'facundoS', '1');
INSERT INTO EQUIPOS (EQUIPO_ID, NOMBRE, CAPITAN_ID, ACTIVO) VALUES (2, 'Sin Framework no programo', 'estebanI', '1');
INSERT INTO EQUIPOS (EQUIPO_ID, NOMBRE, CAPITAN_ID, ACTIVO) VALUES (3, 'Programadores', 'usuario2', '1');
INSERT INTO EQUIPOS (EQUIPO_ID, NOMBRE, CAPITAN_ID, ACTIVO) VALUES (4, 'Varchar de 50', 'usuario5', '1');
INSERT INTO EQUIPOS (EQUIPO_ID, NOMBRE, CAPITAN_ID, ACTIVO) VALUES (5, 'SQL Injection', 'usuario1', '1');
INSERT INTO EQUIPOS (EQUIPO_ID, NOMBRE, CAPITAN_ID, ACTIVO) VALUES (6, 'Puerto 7', 'germanR', '1');
INSERT INTO EQUIPOS (EQUIPO_ID, NOMBRE, CAPITAN_ID, ACTIVO) VALUES (7, 'Control C Control V', 'usuario3', '1');
INSERT INTO EQUIPOS (EQUIPO_ID, NOMBRE, CAPITAN_ID, ACTIVO) VALUES (8, 'Pisame la variable', 'usuario4', '1');
INSERT INTO EQUIPOS (EQUIPO_ID, NOMBRE, CAPITAN_ID, ACTIVO) VALUES (9, 'Los Array de 1 indice', 'gonzaloV', '1');
INSERT INTO EQUIPOS (EQUIPO_ID, NOMBRE, CAPITAN_ID, ACTIVO) VALUES (10, 'LAMPaso', 'usuario6', '1');

INSERT INTO FASES (TORNEO_ID, FASE_ID, DESCRIPCION) VALUES (1, 1, 'Fecha 1');
INSERT INTO FASES (TORNEO_ID, FASE_ID, DESCRIPCION) VALUES (1, 2, 'Fecha 2');
INSERT INTO FASES (TORNEO_ID, FASE_ID, DESCRIPCION) VALUES (1, 3, 'Fecha 3');

INSERT INTO CANCHAS (SEDE_ID, CANCHA_ID, DESCRIPCION, DEPORTE_ID, PRECIO) VALUES (1, 1, 'La Canchita', 1, 300);
INSERT INTO CANCHAS (SEDE_ID, CANCHA_ID, DESCRIPCION, DEPORTE_ID, PRECIO) VALUES (2, 1, 'Abajo Futbol 1', 1, 300);
INSERT INTO CANCHAS (SEDE_ID, CANCHA_ID, DESCRIPCION, DEPORTE_ID, PRECIO) VALUES (2, 2, 'Abajo Futbol 2', 1, 300);
INSERT INTO CANCHAS (SEDE_ID, CANCHA_ID, DESCRIPCION, DEPORTE_ID, PRECIO) VALUES (2, 3, 'Abajo Tenis', 3, 250);
INSERT INTO CANCHAS (SEDE_ID, CANCHA_ID, DESCRIPCION, DEPORTE_ID, PRECIO) VALUES (2, 4, 'Arriba Tenis', 3, 250);

INSERT INTO PARTIDOS (TORNEO_ID, FASE_ID, PARTIDO_ID, LOCAL_ID, VISITA_ID, FECHA, HORA, ARBITRO_ID, PUNTOS_LOCAL, PUNTOS_VISITA, LOCAL_OK, VISITA_OK, SEDE_ID, CANCHA_ID) VALUES (1, 1, 1, 1, 2, '2016-10-15', '21:00', NULL, 1, 2, 'Y', 'Y', 2, 1);
INSERT INTO PARTIDOS (TORNEO_ID, FASE_ID, PARTIDO_ID, LOCAL_ID, VISITA_ID, FECHA, HORA, ARBITRO_ID, PUNTOS_LOCAL, PUNTOS_VISITA, LOCAL_OK, VISITA_OK, SEDE_ID, CANCHA_ID) VALUES (1, 1, 2, 3, 4, '2016-10-15', '21:00', NULL, 0, 0, 'Y', 'Y', 2, 2);
INSERT INTO PARTIDOS (TORNEO_ID, FASE_ID, PARTIDO_ID, LOCAL_ID, VISITA_ID, FECHA, HORA, ARBITRO_ID, PUNTOS_LOCAL, PUNTOS_VISITA, LOCAL_OK, VISITA_OK, SEDE_ID, CANCHA_ID) VALUES (1, 2, 1, 1, 3, '2016-10-22', '19:00', 'mabelG', 2, 0, NULL, NULL, 2, 1);
INSERT INTO PARTIDOS (TORNEO_ID, FASE_ID, PARTIDO_ID, LOCAL_ID, VISITA_ID, FECHA, HORA, ARBITRO_ID, PUNTOS_LOCAL, PUNTOS_VISITA, LOCAL_OK, VISITA_OK, SEDE_ID, CANCHA_ID) VALUES (1, 2, 2, 2, 4, '2016-10-22', '21:00', 'vanesaP', 1, 2, NULL, NULL, 2, 2);
INSERT INTO PARTIDOS (TORNEO_ID, FASE_ID, PARTIDO_ID, LOCAL_ID, VISITA_ID, FECHA, HORA, ARBITRO_ID, PUNTOS_LOCAL, PUNTOS_VISITA, LOCAL_OK, VISITA_OK, SEDE_ID, CANCHA_ID) VALUES (1, 3, 1, 1, 4, '2016-10-29', '21:00', NULL, NULL, NULL, NULL, NULL, 2, 1);
INSERT INTO PARTIDOS (TORNEO_ID, FASE_ID, PARTIDO_ID, LOCAL_ID, VISITA_ID, FECHA, HORA, ARBITRO_ID, PUNTOS_LOCAL, PUNTOS_VISITA, LOCAL_OK, VISITA_OK, SEDE_ID, CANCHA_ID) VALUES (1, 3, 2, 2, 3, '2016-10-29', '21:00', NULL, NULL, NULL, NULL, NULL, 2, 2);

INSERT INTO MENSAJES (MENSAJE_ID, MENSAJE, EMISOR_ID, RECEPTOR_ID, TORNEO_ID, FECHA_ID, PARTIDO_ID, MENSAJE_ORIGINAL_ID, FECHA, HORA) VALUES (1, 'Hola, no podrías asignar un arbitro la prpoxima fecha?', 'facundoS', 'mabelG', 1, 1, 1, NULL, '2016-10-16', '01:00');
INSERT INTO MENSAJES (MENSAJE_ID, MENSAJE, EMISOR_ID, RECEPTOR_ID, TORNEO_ID, FECHA_ID, PARTIDO_ID, MENSAJE_ORIGINAL_ID, FECHA, HORA) VALUES (2, 'Jojooo como les ganamos', 'estebanI', NULL, 1, 1, 1, NULL, '2016-10-16', '09:00');
INSERT INTO MENSAJES (MENSAJE_ID, MENSAJE, EMISOR_ID, RECEPTOR_ID, TORNEO_ID, FECHA_ID, PARTIDO_ID, MENSAJE_ORIGINAL_ID, FECHA, HORA) VALUES (3, 'Dale, no hay problema. Saludos', 'mabelG', 'facundoS', 1, 1, 1, 1, '2016-10-16', '21:00');

INSERT INTO JUGADORES (EQUIPO_ID, JUGADOR_ID) VALUES (1, 'facundoS');
INSERT INTO JUGADORES (EQUIPO_ID, JUGADOR_ID) VALUES (1, 'mauritoI');
INSERT INTO JUGADORES (EQUIPO_ID, JUGADOR_ID) VALUES (1, 'hugoP');
INSERT INTO JUGADORES (EQUIPO_ID, JUGADOR_ID) VALUES (1, 'francoA');
INSERT INTO JUGADORES (EQUIPO_ID, JUGADOR_ID) VALUES (1, 'claudioS');
INSERT INTO JUGADORES (EQUIPO_ID, JUGADOR_ID) VALUES (1, 'cristianC');
INSERT INTO JUGADORES (EQUIPO_ID, JUGADOR_ID) VALUES (2, 'estebanI');
INSERT INTO JUGADORES (EQUIPO_ID, JUGADOR_ID) VALUES (2, 'javierP');
INSERT INTO JUGADORES (EQUIPO_ID, JUGADOR_ID) VALUES (2, 'brianR');
INSERT INTO JUGADORES (EQUIPO_ID, JUGADOR_ID) VALUES (2, 'marceloT');
INSERT INTO JUGADORES (EQUIPO_ID, JUGADOR_ID) VALUES (2, 'leonardoT');
INSERT INTO JUGADORES (EQUIPO_ID, JUGADOR_ID) VALUES (2, 'lucianoF');
INSERT INTO JUGADORES (EQUIPO_ID, JUGADOR_ID) VALUES (9, 'gonzaloV');
INSERT INTO JUGADORES (EQUIPO_ID, JUGADOR_ID) VALUES (9, 'fernandoG');
INSERT INTO JUGADORES (EQUIPO_ID, JUGADOR_ID) VALUES (9, 'sebastianL');
INSERT INTO JUGADORES (EQUIPO_ID, JUGADOR_ID) VALUES (9, 'jeronimoB');
INSERT INTO JUGADORES (EQUIPO_ID, JUGADOR_ID) VALUES (9, 'jeffersonC');
INSERT INTO JUGADORES (EQUIPO_ID, JUGADOR_ID) VALUES (6, 'germanR');
INSERT INTO JUGADORES (EQUIPO_ID, JUGADOR_ID) VALUES (6, 'federicoN');
INSERT INTO JUGADORES (EQUIPO_ID, JUGADOR_ID) VALUES (6, 'juanB');
INSERT INTO JUGADORES (EQUIPO_ID, JUGADOR_ID) VALUES (6, 'ignacioA');
INSERT INTO JUGADORES (EQUIPO_ID, JUGADOR_ID) VALUES (6, 'cristianF');
INSERT INTO JUGADORES (EQUIPO_ID, JUGADOR_ID) VALUES (6, 'ricardoR');
INSERT INTO JUGADORES (EQUIPO_ID, JUGADOR_ID) VALUES (5, 'usuario1');
INSERT INTO JUGADORES (EQUIPO_ID, JUGADOR_ID) VALUES (4, 'usuario2');
INSERT INTO JUGADORES (EQUIPO_ID, JUGADOR_ID) VALUES (7, 'usuario3');
INSERT INTO JUGADORES (EQUIPO_ID, JUGADOR_ID) VALUES (8, 'usuario4');
INSERT INTO JUGADORES (EQUIPO_ID, JUGADOR_ID) VALUES (3, 'usuario5');
INSERT INTO JUGADORES (EQUIPO_ID, JUGADOR_ID) VALUES (10,'usuario6');

INSERT INTO ORGANIZADORES (TORNEO_ID, ORGANIZADOR_ID, ACTIVO) VALUES (1, 'mabelG', '1');
INSERT INTO ORGANIZADORES (TORNEO_ID, ORGANIZADOR_ID, ACTIVO) VALUES (1, 'vanesaP', '1');

INSERT INTO EQUIPOS_TORNEO (TORNEO_ID, EQUIPO_ID) VALUES (1, 1);
INSERT INTO EQUIPOS_TORNEO (TORNEO_ID, EQUIPO_ID) VALUES (1, 2);
INSERT INTO EQUIPOS_TORNEO (TORNEO_ID, EQUIPO_ID) VALUES (1, 3);
INSERT INTO EQUIPOS_TORNEO (TORNEO_ID, EQUIPO_ID) VALUES (1, 4);
INSERT INTO EQUIPOS_TORNEO (TORNEO_ID, EQUIPO_ID) VALUES (1, 5);
INSERT INTO EQUIPOS_TORNEO (TORNEO_ID, EQUIPO_ID) VALUES (1, 6);
INSERT INTO EQUIPOS_TORNEO (TORNEO_ID, EQUIPO_ID) VALUES (1, 7);
INSERT INTO EQUIPOS_TORNEO (TORNEO_ID, EQUIPO_ID) VALUES (1, 8);
INSERT INTO EQUIPOS_TORNEO (TORNEO_ID, EQUIPO_ID) VALUES (1, 9);
INSERT INTO EQUIPOS_TORNEO (TORNEO_ID, EQUIPO_ID) VALUES (1, 10);

INSERT INTO DUENOS (SEDE_ID, USUARIO_ID, ACTIVO) VALUES (1, 'jeronimoB', '1');
INSERT INTO DUENOS (SEDE_ID, USUARIO_ID, ACTIVO) VALUES (2, 'vanesaP', '1');

INSERT INTO TIPOS_ESTADISTICA (TIPO_ESTADISTICA_ID, DESCRIPCION) VALUES ('G', 'Gol');
INSERT INTO TIPOS_ESTADISTICA (TIPO_ESTADISTICA_ID, DESCRIPCION) VALUES ('P', 'Puntos');
INSERT INTO TIPOS_ESTADISTICA (TIPO_ESTADISTICA_ID, DESCRIPCION) VALUES ('S', 'Set');
INSERT INTO TIPOS_ESTADISTICA (TIPO_ESTADISTICA_ID, DESCRIPCION) VALUES ('A', 'Tarjeta Amarilla');
INSERT INTO TIPOS_ESTADISTICA (TIPO_ESTADISTICA_ID, DESCRIPCION) VALUES ('R', 'Tarjeta Roja');
INSERT INTO TIPOS_ESTADISTICA (TIPO_ESTADISTICA_ID, DESCRIPCION) VALUES ('V', 'Tarjeta Verde');

INSERT INTO FICHA_PARTIDO (TORNEO_ID, FASE_ID, PARTIDO_ID, FICHA_ID, TIPO_ESTADISTICA_ID, EQUIPO_ID, JUGADOR_ID) VALUES (1, 1, 1, 1, 'G', 1, 'claudioS');
INSERT INTO FICHA_PARTIDO (TORNEO_ID, FASE_ID, PARTIDO_ID, FICHA_ID, TIPO_ESTADISTICA_ID, EQUIPO_ID, JUGADOR_ID) VALUES (1, 1, 1, 2, 'A', 2, 'estebanI');
INSERT INTO FICHA_PARTIDO (TORNEO_ID, FASE_ID, PARTIDO_ID, FICHA_ID, TIPO_ESTADISTICA_ID, EQUIPO_ID, JUGADOR_ID) VALUES (1, 1, 1, 3, 'G', 2, 'estebanI');
INSERT INTO FICHA_PARTIDO (TORNEO_ID, FASE_ID, PARTIDO_ID, FICHA_ID, TIPO_ESTADISTICA_ID, EQUIPO_ID, JUGADOR_ID) VALUES (1, 1, 1, 4, 'G', 2, 'javierP');
INSERT INTO FICHA_PARTIDO (TORNEO_ID, FASE_ID, PARTIDO_ID, FICHA_ID, TIPO_ESTADISTICA_ID, EQUIPO_ID, JUGADOR_ID) VALUES (1, 1, 2, 1, 'R', 6, 'germanR');
INSERT INTO FICHA_PARTIDO (TORNEO_ID, FASE_ID, PARTIDO_ID, FICHA_ID, TIPO_ESTADISTICA_ID, EQUIPO_ID, JUGADOR_ID) VALUES (1, 2, 1, 1, 'G', 1, 'facundoS');
INSERT INTO FICHA_PARTIDO (TORNEO_ID, FASE_ID, PARTIDO_ID, FICHA_ID, TIPO_ESTADISTICA_ID, EQUIPO_ID, JUGADOR_ID) VALUES (1, 2, 1, 2, 'G', 1, 'claudioS');
INSERT INTO FICHA_PARTIDO (TORNEO_ID, FASE_ID, PARTIDO_ID, FICHA_ID, TIPO_ESTADISTICA_ID, EQUIPO_ID, JUGADOR_ID) VALUES (1, 2, 1, 3, 'A', 1, 'facundoS');
INSERT INTO FICHA_PARTIDO (TORNEO_ID, FASE_ID, PARTIDO_ID, FICHA_ID, TIPO_ESTADISTICA_ID, EQUIPO_ID, JUGADOR_ID) VALUES (1, 2, 2, 1, 'G', 4, 'federicoN');
INSERT INTO FICHA_PARTIDO (TORNEO_ID, FASE_ID, PARTIDO_ID, FICHA_ID, TIPO_ESTADISTICA_ID, EQUIPO_ID, JUGADOR_ID) VALUES (1, 2, 2, 2, 'G', 4, 'juanB');
INSERT INTO FICHA_PARTIDO (TORNEO_ID, FASE_ID, PARTIDO_ID, FICHA_ID, TIPO_ESTADISTICA_ID, EQUIPO_ID, JUGADOR_ID) VALUES (1, 2, 2, 3, 'G', 9, 'gonzaloV');
